-- phpMyAdmin SQL Dump
-- version 4.5.4.1deb2ubuntu2.1
-- http://www.phpmyadmin.net
--
-- Servidor: localhost
-- Tiempo de generación: 23-06-2019 a las 23:21:20
-- Versión del servidor: 5.7.26-0ubuntu0.16.04.1
-- Versión de PHP: 7.0.33-0ubuntu0.16.04.5

SET SQL_MODE = "NO_AUTO_VALUE_ON_ZERO";
SET time_zone = "+00:00";


/*!40101 SET @OLD_CHARACTER_SET_CLIENT=@@CHARACTER_SET_CLIENT */;
/*!40101 SET @OLD_CHARACTER_SET_RESULTS=@@CHARACTER_SET_RESULTS */;
/*!40101 SET @OLD_COLLATION_CONNECTION=@@COLLATION_CONNECTION */;
/*!40101 SET NAMES utf8mb4 */;

--
-- Base de datos: `db_impreya`
--

-- --------------------------------------------------------

--
-- Estructura de tabla para la tabla `admin`
--

CREATE TABLE `admin` (
  `idadmin` int(11) NOT NULL,
  `email` varchar(120) DEFAULT NULL,
  `nombre` varchar(120) DEFAULT NULL,
  `password` varchar(120) DEFAULT NULL,
  `telefono` varchar(120) DEFAULT NULL,
  `estatus` int(11) DEFAULT '1' COMMENT '1 activo\n0 inactivo'
) ENGINE=InnoDB DEFAULT CHARSET=utf8;

--
-- Volcado de datos para la tabla `admin`
--

INSERT INTO `admin` (`idadmin`, `email`, `nombre`, `password`, `telefono`, `estatus`) VALUES
(1, 'eduardopadillacz@gmail.com', 'Eduardo Padilla', '12345', '5555038625', 1);

-- --------------------------------------------------------

--
-- Estructura de tabla para la tabla `campania_envios_wdsl`
--

CREATE TABLE `campania_envios_wdsl` (
  `id` int(11) NOT NULL,
  `campania` varchar(45) DEFAULT NULL,
  `registro` timestamp NULL DEFAULT CURRENT_TIMESTAMP ON UPDATE CURRENT_TIMESTAMP,
  `estatus` int(11) DEFAULT NULL
) ENGINE=InnoDB DEFAULT CHARSET=latin1;

--
-- Volcado de datos para la tabla `campania_envios_wdsl`
--

INSERT INTO `campania_envios_wdsl` (`id`, `campania`, `registro`, `estatus`) VALUES
(3, 'v4', '2019-05-23 06:26:43', 0),
(4, 'madres', '2019-05-23 06:26:33', 0),
(5, 'Campaña envio 1', '2019-05-23 06:26:18', 0),
(6, 'Envíos pequeños', '2019-05-23 04:37:44', 1),
(7, 'Padilla', '2019-05-29 01:04:41', 0);

-- --------------------------------------------------------

--
-- Estructura de tabla para la tabla `campania_regiones_wdsl`
--

CREATE TABLE `campania_regiones_wdsl` (
  `idcampania_regiones_wdsl` int(11) NOT NULL,
  `precio` int(11) DEFAULT '0',
  `precio_extra` int(11) DEFAULT '0',
  `id` int(11) NOT NULL,
  `idProvince` int(11) DEFAULT NULL,
  `idState` int(11) DEFAULT NULL,
  `estatus` int(11) DEFAULT '0',
  `ip` varchar(45) DEFAULT NULL,
  `procince_name` varchar(45) DEFAULT NULL,
  `state_name` varchar(45) DEFAULT NULL
) ENGINE=InnoDB DEFAULT CHARSET=latin1;

--
-- Volcado de datos para la tabla `campania_regiones_wdsl`
--

INSERT INTO `campania_regiones_wdsl` (`idcampania_regiones_wdsl`, `precio`, `precio_extra`, `id`, `idProvince`, `idState`, `estatus`, `ip`, `procince_name`, `state_name`) VALUES
(250, 98, 20, 3, 1943, 153, 0, '::1', 'LA VICTORIA', 'AMAZONAS'),
(257, 8, 9, 3, 1950, 153, 0, '::1', 'TARAPACA', 'AMAZONAS'),
(258, 5, 98, 4, 1941, 153, 0, NULL, 'LA CHORRERA', 'AMAZONAS'),
(259, 3, 3, 4, 856, 137, 0, '::1', 'ABEJORRAL', 'ANTIOQUIA'),
(260, 0, 0, 4, 857, 137, 0, '::1', 'ABRIAQUI', 'ANTIOQUIA'),
(261, 0, 0, 4, 858, 137, 0, '::1', 'ALEJANDRIA', 'ANTIOQUIA'),
(262, 0, 0, 4, 508, 137, 0, '::1', 'AMAGA', 'ANTIOQUIA'),
(263, 0, 0, 4, 860, 137, 0, '::1', 'AMALFI', 'ANTIOQUIA'),
(264, 0, 0, 4, 513, 137, 0, '::1', 'ANDES', 'ANTIOQUIA'),
(265, 0, 0, 4, 862, 137, 0, '::1', 'ANGELOPOLIS', 'ANTIOQUIA'),
(266, 0, 0, 4, 863, 137, 0, '::1', 'ANGOSTURA', 'ANTIOQUIA'),
(267, 0, 0, 4, 864, 137, 0, '::1', 'ANORI', 'ANTIOQUIA'),
(268, 0, 0, 4, 865, 137, 0, '::1', 'ANZA', 'ANTIOQUIA'),
(269, 0, 0, 4, 516, 137, 0, '::1', 'APARTADO', 'ANTIOQUIA'),
(270, 0, 0, 4, 867, 137, 0, '::1', 'ARBOLETES', 'ANTIOQUIA'),
(271, 0, 0, 4, 868, 137, 0, '::1', 'ARGELIA', 'ANTIOQUIA'),
(272, 0, 0, 4, 528, 137, 0, '::1', 'BARBOSA', 'ANTIOQUIA'),
(273, 0, 0, 4, 538, 137, 0, '::1', 'BELLO', 'ANTIOQUIA'),
(274, 0, 0, 4, 872, 137, 0, '::1', 'BELMIRA', 'ANTIOQUIA'),
(275, 0, 0, 4, 873, 137, 0, '::1', 'BETANIA', 'ANTIOQUIA'),
(276, 0, 0, 4, 874, 137, 0, '::1', 'BETULIA', 'ANTIOQUIA'),
(277, 0, 0, 4, 875, 137, 0, '::1', 'BRICEÑO', 'ANTIOQUIA'),
(278, 0, 0, 4, 876, 137, 0, '::1', 'BURITICA', 'ANTIOQUIA'),
(279, 0, 0, 4, 877, 137, 0, '::1', 'CACERES', 'ANTIOQUIA'),
(280, 0, 0, 4, 878, 137, 0, '::1', 'CAICEDO', 'ANTIOQUIA'),
(281, 0, 0, 4, 551, 137, 0, '::1', 'CALDAS', 'ANTIOQUIA'),
(282, 0, 0, 4, 880, 137, 0, '::1', 'CAMPAMENTO', 'ANTIOQUIA'),
(283, 0, 0, 4, 881, 137, 0, '::1', 'CAÑASGORDAS', 'ANTIOQUIA'),
(284, 0, 0, 4, 882, 137, 0, '::1', 'CARACOLI', 'ANTIOQUIA'),
(285, 0, 0, 4, 883, 137, 0, '::1', 'CARAMANTA', 'ANTIOQUIA'),
(286, 0, 0, 4, 555, 137, 0, '::1', 'CAREPA', 'ANTIOQUIA'),
(287, 0, 0, 4, 557, 137, 0, '::1', 'CARMEN DE VIBORAL', 'ANTIOQUIA'),
(288, 0, 0, 4, 885, 137, 0, '::1', 'CAROLINA', 'ANTIOQUIA'),
(289, 0, 0, 4, 561, 137, 0, '::1', 'CAUCASIA', 'ANTIOQUIA'),
(290, 0, 0, 4, 567, 137, 0, '::1', 'CHIGORODO', 'ANTIOQUIA'),
(291, 0, 0, 4, 888, 137, 0, '::1', 'CISNEROS', 'ANTIOQUIA'),
(292, 0, 0, 4, 889, 137, 0, '::1', 'CIUDAD BOLIVAR', 'ANTIOQUIA'),
(293, 0, 0, 4, 890, 137, 0, '::1', 'COCORNA', 'ANTIOQUIA'),
(294, 0, 0, 4, 891, 137, 0, '::1', 'CONCEPCION', 'ANTIOQUIA'),
(295, 0, 0, 4, 892, 137, 0, '::1', 'CONCORDIA', 'ANTIOQUIA'),
(296, 0, 0, 4, 576, 137, 0, '::1', 'COPACABANA', 'ANTIOQUIA'),
(297, 0, 0, 4, 894, 137, 0, '::1', 'DABEIBA', 'ANTIOQUIA'),
(298, 0, 0, 4, 895, 137, 0, '::1', 'DON MATIAS', 'ANTIOQUIA'),
(299, 0, 0, 4, 589, 137, 0, '::1', 'DORADAL', 'ANTIOQUIA'),
(300, 0, 0, 4, 896, 137, 0, '::1', 'EBEJICO', 'ANTIOQUIA'),
(301, 0, 0, 4, 897, 137, 0, '::1', 'EL BAGRE', 'ANTIOQUIA'),
(302, 0, 0, 4, 898, 137, 0, '::1', 'EL CARMEN DE VIBORAL', 'ANTIOQUIA'),
(303, 0, 0, 4, 597, 137, 0, '::1', 'EL RETIRO', 'ANTIOQUIA'),
(304, 0, 0, 4, 899, 137, 0, '::1', 'EL SANTUARIO', 'ANTIOQUIA'),
(305, 0, 0, 4, 900, 137, 0, '::1', 'ENTRERRIOS', 'ANTIOQUIA'),
(306, 0, 0, 4, 598, 137, 0, '::1', 'ENVIGADO', 'ANTIOQUIA'),
(307, 0, 0, 4, 901, 137, 0, '::1', 'FREDONIA', 'ANTIOQUIA'),
(308, 0, 0, 4, 609, 137, 0, '::1', 'FRONTINO', 'ANTIOQUIA'),
(309, 0, 0, 4, 903, 137, 0, '::1', 'GIRALDO', 'ANTIOQUIA'),
(310, 0, 0, 4, 619, 137, 0, '::1', 'GIRARDOTA', 'ANTIOQUIA'),
(311, 0, 0, 4, 905, 137, 0, '::1', 'GOMEZ PLATA', 'ANTIOQUIA'),
(312, 0, 0, 4, 629, 137, 0, '::1', 'GUARNE', 'ANTIOQUIA'),
(313, 0, 0, 4, 909, 137, 0, '::1', 'GUATAPE', 'ANTIOQUIA'),
(314, 0, 0, 4, 910, 137, 0, '::1', 'HELICONIA', 'ANTIOQUIA'),
(315, 0, 0, 4, 911, 137, 0, '::1', 'HISPANIA', 'ANTIOQUIA'),
(316, 0, 0, 4, 641, 137, 0, '::1', 'ITAGUI', 'ANTIOQUIA'),
(317, 0, 0, 4, 912, 137, 0, '::1', 'ITUANGO', 'ANTIOQUIA'),
(318, 0, 0, 4, 643, 137, 0, '::1', 'JARDIN', 'ANTIOQUIA'),
(319, 0, 0, 4, 645, 137, 0, '::1', 'JERICO', 'ANTIOQUIA'),
(320, 0, 0, 4, 647, 137, 0, '::1', 'LA CEJA', 'ANTIOQUIA'),
(321, 0, 0, 4, 650, 137, 0, '::1', 'LA ESTRELLA', 'ANTIOQUIA'),
(322, 0, 0, 4, 917, 137, 0, '::1', 'LA PINTADA', 'ANTIOQUIA'),
(323, 0, 0, 4, 658, 137, 0, '::1', 'LA UNION', 'ANTIOQUIA'),
(324, 0, 0, 4, 919, 137, 0, '::1', 'LIBORINA', 'ANTIOQUIA'),
(325, 0, 0, 4, 920, 137, 0, '::1', 'MACEO', 'ANTIOQUIA'),
(326, 0, 0, 4, 675, 137, 0, '::1', 'MARINILLA', 'ANTIOQUIA'),
(327, 0, 0, 4, 677, 137, 0, '::1', 'MEDELLIN', 'ANTIOQUIA'),
(328, 0, 0, 4, 923, 137, 0, '::1', 'MONTEBELLO', 'ANTIOQUIA'),
(329, 0, 0, 4, 924, 137, 0, '::1', 'MURINDO', 'ANTIOQUIA'),
(330, 0, 0, 4, 925, 137, 0, '::1', 'MUTATA', 'ANTIOQUIA'),
(331, 0, 0, 4, 926, 137, 0, '::1', 'NARIÑO', 'ANTIOQUIA'),
(332, 0, 0, 4, 927, 137, 0, '::1', 'NECHI', 'ANTIOQUIA'),
(333, 0, 0, 4, 692, 137, 0, '::1', 'NECOCLI', 'ANTIOQUIA'),
(334, 0, 0, 4, 929, 137, 0, '::1', 'OLAYA', 'ANTIOQUIA'),
(335, 0, 0, 4, 930, 137, 0, '::1', 'PEÑOL', 'ANTIOQUIA'),
(336, 0, 0, 4, 931, 137, 0, '::1', 'PEQUE', 'ANTIOQUIA'),
(337, 0, 0, 4, 932, 137, 0, '::1', 'PUEBLORRICO', 'ANTIOQUIA'),
(338, 0, 0, 4, 933, 137, 0, '::1', 'PUERTO BERRIO', 'ANTIOQUIA'),
(339, 0, 0, 4, 934, 137, 0, '::1', 'PUERTO NARE', 'ANTIOQUIA'),
(340, 0, 0, 4, 935, 137, 0, '::1', 'PUERTO TRIUNFO', 'ANTIOQUIA'),
(341, 0, 0, 4, 936, 137, 0, '::1', 'REMEDIOS', 'ANTIOQUIA'),
(342, 0, 0, 4, 937, 137, 0, '::1', 'RETIRO', 'ANTIOQUIA'),
(343, 0, 0, 4, 746, 137, 0, '::1', 'RIONEGRO', 'ANTIOQUIA'),
(344, 0, 0, 4, 756, 137, 0, '::1', 'SABANETA', 'ANTIOQUIA'),
(345, 0, 0, 4, 941, 137, 0, '::1', 'SALGAR', 'ANTIOQUIA'),
(346, 0, 0, 4, 942, 137, 0, '::1', 'SAN ANDRES DE CUERQUIA', 'ANTIOQUIA'),
(347, 0, 0, 4, 765, 137, 0, '::1', 'SAN ANTONIO DE PRADO', 'ANTIOQUIA'),
(348, 0, 0, 4, 943, 137, 0, '::1', 'SAN CARLOS', 'ANTIOQUIA'),
(349, 0, 0, 4, 766, 137, 0, '::1', 'SAN CRISTOBAL', 'ANTIOQUIA'),
(350, 0, 0, 4, 944, 137, 0, '::1', 'SAN FRANCISCO', 'ANTIOQUIA'),
(351, 0, 0, 4, 945, 137, 0, '::1', 'SAN JERONIMO', 'ANTIOQUIA'),
(352, 0, 0, 4, 946, 137, 0, '::1', 'SAN JOSE DE LA MONTAÑA', 'ANTIOQUIA'),
(353, 0, 0, 4, 947, 137, 0, '::1', 'SAN JUAN DE URABA', 'ANTIOQUIA'),
(354, 0, 0, 4, 948, 137, 0, '::1', 'SAN LUIS', 'ANTIOQUIA'),
(355, 0, 0, 4, 949, 137, 0, '::1', 'SAN PEDRO DE LOS MILAGROS', 'ANTIOQUIA'),
(356, 0, 0, 4, 950, 137, 0, '::1', 'SAN PEDRO DE URABA', 'ANTIOQUIA'),
(357, 0, 0, 4, 951, 137, 0, '::1', 'SAN RAFAEL', 'ANTIOQUIA'),
(358, 0, 0, 4, 952, 137, 0, '::1', 'SAN ROQUE', 'ANTIOQUIA'),
(359, 0, 0, 4, 953, 137, 0, '::1', 'SAN VICENTE', 'ANTIOQUIA'),
(360, 0, 0, 4, 954, 137, 0, '::1', 'SANTA BARBARA', 'ANTIOQUIA'),
(361, 0, 0, 4, 781, 137, 0, '::1', 'SANTA ELENA', 'ANTIOQUIA'),
(362, 0, 0, 4, 785, 137, 0, '::1', 'SANTA ROSA DE OSOS', 'ANTIOQUIA'),
(363, 0, 0, 4, 787, 137, 0, '::1', 'SANTAFE DE ANTIOQUIA', 'ANTIOQUIA'),
(364, 0, 0, 4, 957, 137, 0, '::1', 'SANTO DOMINGO', 'ANTIOQUIA'),
(365, 0, 0, 4, 791, 137, 0, '::1', 'SANTUARIO', 'ANTIOQUIA'),
(366, 0, 0, 4, 958, 137, 0, '::1', 'SEGOVIA', 'ANTIOQUIA'),
(367, 0, 0, 4, 959, 137, 0, '::1', 'SONSON', 'ANTIOQUIA'),
(368, 0, 0, 4, 806, 137, 0, '::1', 'SOPETRAN', 'ANTIOQUIA'),
(369, 0, 0, 4, 961, 137, 0, '::1', 'TAMESIS', 'ANTIOQUIA'),
(370, 0, 0, 4, 814, 137, 0, '::1', 'TARAZA', 'ANTIOQUIA'),
(371, 0, 0, 4, 963, 137, 0, '::1', 'TARSO', 'ANTIOQUIA'),
(372, 0, 0, 4, 964, 137, 0, '::1', 'TITIRIBI', 'ANTIOQUIA'),
(373, 0, 0, 4, 965, 137, 0, '::1', 'TOLEDO', 'ANTIOQUIA'),
(374, 0, 0, 4, 828, 137, 0, '::1', 'TURBO', 'ANTIOQUIA'),
(375, 0, 0, 4, 967, 137, 0, '::1', 'URAMITA', 'ANTIOQUIA'),
(376, 0, 0, 4, 968, 137, 0, '::1', 'URRAO', 'ANTIOQUIA'),
(377, 0, 0, 4, 969, 137, 0, '::1', 'VALDIVIA', 'ANTIOQUIA'),
(378, 0, 0, 4, 970, 137, 0, '::1', 'VALPARAISO', 'ANTIOQUIA'),
(379, 0, 0, 4, 971, 137, 0, '::1', 'VEGACHI', 'ANTIOQUIA'),
(380, 0, 0, 4, 972, 137, 0, '::1', 'VENECIA', 'ANTIOQUIA'),
(381, 0, 0, 4, 973, 137, 0, '::1', 'VIGIA DEL FUERTE', 'ANTIOQUIA'),
(383, 0, 0, 4, 975, 137, 0, '::1', 'YARUMAL', 'ANTIOQUIA'),
(385, 0, 0, 4, 848, 137, 0, '::1', 'YONDO', 'ANTIOQUIA'),
(388, 3, 5, 3, 1940, 153, 0, NULL, 'EL ENCANTO', 'AMAZONAS'),
(389, 0, 0, 5, 1940, 153, 0, NULL, 'EL ENCANTO', 'AMAZONAS'),
(390, 8, 10, 5, 1940, 154, 0, NULL, '1940', '154'),
(391, 50, 10, 5, 1941, 154, 0, NULL, '1941', '154'),
(392, 5, 0, 3, 1944, 153, 0, NULL, 'LETICIA', 'AMAZONAS'),
(393, 0, 5, 3, 1946, 153, 0, NULL, 'PUERTO ALEGRIA', 'AMAZONAS'),
(394, 4, 0, 3, 1948, 153, 0, NULL, 'PUERTO NARIÑO', 'AMAZONAS'),
(395, 0, 6, 3, 1949, 153, 0, NULL, 'PUERTO SANTANDER', 'AMAZONAS'),
(396, 4, 0, 3, 857, 137, 0, NULL, 'ABRIAQUI', 'ANTIOQUIA'),
(400, 986, 2, 3, 865, 137, 0, NULL, 'ANZA', 'ANTIOQUIA'),
(401, 15000, 4100, 6, 1940, 153, 0, NULL, 'EL ENCANTO', 'AMAZONAS'),
(402, 15000, 4100, 7, 1940, 153, 0, NULL, 'EL ENCANTO', 'AMAZONAS'),
(403, 15000, 4100, 7, 1941, 153, 0, NULL, 'LA CHORRERA', 'AMAZONAS'),
(404, 15000, 4100, 7, 1942, 153, 0, NULL, 'LA PEDRERA', 'AMAZONAS'),
(405, 15000, 4100, 7, 1943, 153, 0, NULL, 'LA VICTORIA', 'AMAZONAS'),
(406, 31500, 6000, 7, 1944, 153, 0, NULL, 'LETICIA', 'AMAZONAS'),
(407, 15000, 4100, 7, 1945, 153, 0, NULL, 'MIRITI - PARANA', 'AMAZONAS'),
(408, 15000, 4100, 7, 1946, 153, 0, NULL, 'PUERTO ALEGRIA', 'AMAZONAS'),
(409, 15000, 4100, 7, 1947, 153, 0, NULL, 'PUERTO ARICA', 'AMAZONAS'),
(410, 15000, 4100, 7, 1948, 153, 0, NULL, 'PUERTO NARIÑO', 'AMAZONAS'),
(411, 15000, 4100, 7, 1949, 153, 0, NULL, 'PUERTO SANTANDER', 'AMAZONAS'),
(412, 15000, 4100, 7, 1950, 153, 0, NULL, 'TARAPACA', 'AMAZONAS'),
(413, 15000, 4100, 7, 856, 137, 0, NULL, 'ABEJORRAL', 'ANTIOQUIA'),
(414, 15000, 4100, 7, 857, 137, 0, NULL, 'ABRIAQUI', 'ANTIOQUIA'),
(415, 15000, 4100, 7, 858, 137, 0, NULL, 'ALEJANDRIA', 'ANTIOQUIA'),
(416, 15000, 4100, 7, 508, 137, 0, NULL, 'AMAGA', 'ANTIOQUIA'),
(417, 15000, 4100, 7, 860, 137, 0, NULL, 'AMALFI', 'ANTIOQUIA'),
(418, 15000, 4100, 7, 513, 137, 0, NULL, 'ANDES', 'ANTIOQUIA'),
(419, 15000, 4100, 7, 862, 137, 0, NULL, 'ANGELOPOLIS', 'ANTIOQUIA'),
(420, 15000, 4100, 7, 863, 137, 0, NULL, 'ANGOSTURA', 'ANTIOQUIA'),
(421, 15000, 4100, 7, 864, 137, 0, NULL, 'ANORI', 'ANTIOQUIA'),
(422, 15000, 4100, 7, 865, 137, 0, NULL, 'ANZA', 'ANTIOQUIA'),
(423, 15000, 4100, 7, 516, 137, 0, NULL, 'APARTADO', 'ANTIOQUIA'),
(424, 15000, 4100, 7, 867, 137, 0, NULL, 'ARBOLETES', 'ANTIOQUIA'),
(425, 15000, 4100, 7, 868, 137, 0, NULL, 'ARGELIA', 'ANTIOQUIA'),
(426, 15000, 4100, 7, 528, 137, 0, NULL, 'BARBOSA', 'ANTIOQUIA'),
(427, 12000, 2000, 7, 538, 137, 0, NULL, 'BELLO', 'ANTIOQUIA'),
(428, 15000, 4100, 7, 872, 137, 0, NULL, 'BELMIRA', 'ANTIOQUIA'),
(429, 15000, 4100, 7, 873, 137, 0, NULL, 'BETANIA', 'ANTIOQUIA'),
(430, 15000, 4100, 7, 874, 137, 0, NULL, 'BETULIA', 'ANTIOQUIA'),
(431, 15000, 4100, 7, 875, 137, 0, NULL, 'BRICEÑO', 'ANTIOQUIA'),
(432, 15000, 4100, 7, 876, 137, 0, NULL, 'BURITICA', 'ANTIOQUIA'),
(433, 15000, 4100, 7, 877, 137, 0, NULL, 'CACERES', 'ANTIOQUIA'),
(434, 15000, 4100, 7, 878, 137, 0, NULL, 'CAICEDO', 'ANTIOQUIA'),
(435, 12000, 2000, 7, 551, 137, 0, NULL, 'CALDAS', 'ANTIOQUIA'),
(436, 15000, 4100, 7, 880, 137, 0, NULL, 'CAMPAMENTO', 'ANTIOQUIA'),
(437, 15000, 4100, 7, 881, 137, 0, NULL, 'CAÑASGORDAS', 'ANTIOQUIA'),
(438, 15000, 4100, 7, 882, 137, 0, NULL, 'CARACOLI', 'ANTIOQUIA'),
(439, 15000, 4100, 7, 883, 137, 0, NULL, 'CARAMANTA', 'ANTIOQUIA'),
(440, 15000, 4100, 7, 555, 137, 0, NULL, 'CAREPA', 'ANTIOQUIA'),
(441, 15000, 4100, 7, 557, 137, 0, NULL, 'CARMEN DE VIBORAL', 'ANTIOQUIA'),
(442, 15000, 4100, 7, 885, 137, 0, NULL, 'CAROLINA', 'ANTIOQUIA'),
(443, 12000, 2000, 7, 561, 137, 0, NULL, 'CAUCASIA', 'ANTIOQUIA'),
(444, 15000, 4100, 7, 567, 137, 0, NULL, 'CHIGORODO', 'ANTIOQUIA'),
(445, 15000, 4100, 7, 888, 137, 0, NULL, 'CISNEROS', 'ANTIOQUIA'),
(446, 15000, 4100, 7, 889, 137, 0, NULL, 'CIUDAD BOLIVAR', 'ANTIOQUIA'),
(447, 15000, 4100, 7, 890, 137, 0, NULL, 'COCORNA', 'ANTIOQUIA'),
(448, 15000, 4100, 7, 891, 137, 0, NULL, 'CONCEPCION', 'ANTIOQUIA'),
(449, 15000, 4100, 7, 892, 137, 0, NULL, 'CONCORDIA', 'ANTIOQUIA'),
(450, 15000, 4100, 7, 576, 137, 0, NULL, 'COPACABANA', 'ANTIOQUIA'),
(451, 15000, 4100, 7, 894, 137, 0, NULL, 'DABEIBA', 'ANTIOQUIA'),
(452, 15000, 4100, 7, 895, 137, 0, NULL, 'DON MATIAS', 'ANTIOQUIA'),
(453, 15000, 4100, 7, 589, 137, 0, NULL, 'DORADAL', 'ANTIOQUIA'),
(454, 15000, 4100, 7, 896, 137, 0, NULL, 'EBEJICO', 'ANTIOQUIA'),
(455, 15000, 4100, 7, 897, 137, 0, NULL, 'EL BAGRE', 'ANTIOQUIA'),
(456, 15000, 4100, 7, 898, 137, 0, NULL, 'EL CARMEN DE VIBORAL', 'ANTIOQUIA'),
(457, 15000, 4100, 7, 597, 137, 0, NULL, 'EL RETIRO', 'ANTIOQUIA'),
(458, 15000, 4100, 7, 899, 137, 0, NULL, 'EL SANTUARIO', 'ANTIOQUIA'),
(459, 15000, 4100, 7, 900, 137, 0, NULL, 'ENTRERRIOS', 'ANTIOQUIA'),
(460, 12000, 2000, 7, 598, 137, 0, NULL, 'ENVIGADO', 'ANTIOQUIA'),
(461, 15000, 4100, 7, 901, 137, 0, NULL, 'FREDONIA', 'ANTIOQUIA'),
(462, 15000, 4100, 7, 609, 137, 0, NULL, 'FRONTINO', 'ANTIOQUIA'),
(463, 15000, 4100, 7, 903, 137, 0, NULL, 'GIRALDO', 'ANTIOQUIA'),
(464, 15000, 4100, 7, 619, 137, 0, NULL, 'GIRARDOTA', 'ANTIOQUIA'),
(465, 15000, 4100, 7, 905, 137, 0, NULL, 'GOMEZ PLATA', 'ANTIOQUIA'),
(466, 15000, 4100, 7, 629, 137, 0, NULL, 'GUARNE', 'ANTIOQUIA'),
(467, 15000, 4100, 7, 909, 137, 0, NULL, 'GUATAPE', 'ANTIOQUIA'),
(468, 15000, 4100, 7, 910, 137, 0, NULL, 'HELICONIA', 'ANTIOQUIA'),
(469, 15000, 4100, 7, 911, 137, 0, NULL, 'HISPANIA', 'ANTIOQUIA'),
(470, 12000, 2000, 7, 641, 137, 0, NULL, 'ITAGUI', 'ANTIOQUIA'),
(471, 15000, 4100, 7, 912, 137, 0, NULL, 'ITUANGO', 'ANTIOQUIA'),
(472, 15000, 4100, 7, 643, 137, 0, NULL, 'JARDIN', 'ANTIOQUIA'),
(473, 15000, 4100, 7, 645, 137, 0, NULL, 'JERICO', 'ANTIOQUIA'),
(474, 12000, 2000, 7, 647, 137, 0, NULL, 'LA CEJA', 'ANTIOQUIA'),
(475, 12000, 2000, 7, 650, 137, 0, NULL, 'LA ESTRELLA', 'ANTIOQUIA'),
(476, 15000, 4100, 7, 917, 137, 0, NULL, 'LA PINTADA', 'ANTIOQUIA'),
(477, 15000, 4100, 7, 658, 137, 0, NULL, 'LA UNION', 'ANTIOQUIA'),
(478, 15000, 4100, 7, 919, 137, 0, NULL, 'LIBORINA', 'ANTIOQUIA'),
(479, 15000, 4100, 7, 920, 137, 0, NULL, 'MACEO', 'ANTIOQUIA'),
(480, 15000, 4100, 7, 675, 137, 0, NULL, 'MARINILLA', 'ANTIOQUIA'),
(481, 11500, 3500, 7, 677, 137, 0, NULL, 'MEDELLIN', 'ANTIOQUIA'),
(482, 15000, 4100, 7, 923, 137, 0, NULL, 'MONTEBELLO', 'ANTIOQUIA'),
(483, 15000, 4100, 7, 924, 137, 0, NULL, 'MURINDO', 'ANTIOQUIA'),
(484, 15000, 4100, 7, 925, 137, 0, NULL, 'MUTATA', 'ANTIOQUIA'),
(485, 15000, 4100, 7, 926, 137, 0, NULL, 'NARIÑO', 'ANTIOQUIA'),
(486, 15000, 4100, 7, 927, 137, 0, NULL, 'NECHI', 'ANTIOQUIA'),
(487, 15000, 4100, 7, 692, 137, 0, NULL, 'NECOCLI', 'ANTIOQUIA'),
(488, 15000, 4100, 7, 929, 137, 0, NULL, 'OLAYA', 'ANTIOQUIA'),
(489, 15000, 4100, 7, 930, 137, 0, NULL, 'PEÑOL', 'ANTIOQUIA'),
(490, 15000, 4100, 7, 931, 137, 0, NULL, 'PEQUE', 'ANTIOQUIA'),
(491, 15000, 4100, 7, 932, 137, 0, NULL, 'PUEBLORRICO', 'ANTIOQUIA'),
(492, 15000, 4100, 7, 933, 137, 0, NULL, 'PUERTO BERRIO', 'ANTIOQUIA'),
(493, 15000, 4100, 7, 934, 137, 0, NULL, 'PUERTO NARE', 'ANTIOQUIA'),
(494, 15000, 4100, 7, 935, 137, 0, NULL, 'PUERTO TRIUNFO', 'ANTIOQUIA'),
(495, 15000, 4100, 7, 936, 137, 0, NULL, 'REMEDIOS', 'ANTIOQUIA'),
(496, 15000, 4100, 7, 937, 137, 0, NULL, 'RETIRO', 'ANTIOQUIA'),
(497, 12000, 2000, 7, 746, 137, 0, NULL, 'RIONEGRO', 'ANTIOQUIA'),
(498, 12000, 2000, 7, 756, 137, 0, NULL, 'SABANETA', 'ANTIOQUIA'),
(499, 15000, 4100, 7, 941, 137, 0, NULL, 'SALGAR', 'ANTIOQUIA'),
(500, 15000, 4100, 7, 942, 137, 0, NULL, 'SAN ANDRES DE CUERQUIA', 'ANTIOQUIA'),
(501, 15000, 4100, 7, 765, 137, 0, NULL, 'SAN ANTONIO DE PRADO', 'ANTIOQUIA'),
(502, 15000, 4100, 7, 943, 137, 0, NULL, 'SAN CARLOS', 'ANTIOQUIA'),
(503, 15000, 4100, 7, 766, 137, 0, NULL, 'SAN CRISTOBAL', 'ANTIOQUIA'),
(504, 15000, 4100, 7, 944, 137, 0, NULL, 'SAN FRANCISCO', 'ANTIOQUIA'),
(505, 15000, 4100, 7, 945, 137, 0, NULL, 'SAN JERONIMO', 'ANTIOQUIA'),
(506, 15000, 4100, 7, 946, 137, 0, NULL, 'SAN JOSE DE LA MONTAÑA', 'ANTIOQUIA'),
(507, 15000, 4100, 7, 947, 137, 0, NULL, 'SAN JUAN DE URABA', 'ANTIOQUIA'),
(508, 15000, 4100, 7, 948, 137, 0, NULL, 'SAN LUIS', 'ANTIOQUIA'),
(509, 15000, 4100, 7, 949, 137, 0, NULL, 'SAN PEDRO DE LOS MILAGROS', 'ANTIOQUIA'),
(510, 15000, 4100, 7, 950, 137, 0, NULL, 'SAN PEDRO DE URABA', 'ANTIOQUIA'),
(511, 15000, 4100, 7, 951, 137, 0, NULL, 'SAN RAFAEL', 'ANTIOQUIA'),
(512, 15000, 4100, 7, 952, 137, 0, NULL, 'SAN ROQUE', 'ANTIOQUIA'),
(513, 15000, 4100, 7, 953, 137, 0, NULL, 'SAN VICENTE', 'ANTIOQUIA'),
(514, 15000, 4100, 7, 954, 137, 0, NULL, 'SANTA BARBARA', 'ANTIOQUIA'),
(515, 15000, 4100, 7, 781, 137, 0, NULL, 'SANTA ELENA', 'ANTIOQUIA'),
(516, 15000, 4100, 7, 785, 137, 0, NULL, 'SANTA ROSA DE OSOS', 'ANTIOQUIA'),
(517, 15000, 4100, 7, 787, 137, 0, NULL, 'SANTAFE DE ANTIOQUIA', 'ANTIOQUIA'),
(518, 15000, 4100, 7, 957, 137, 0, NULL, 'SANTO DOMINGO', 'ANTIOQUIA'),
(519, 15000, 4100, 7, 791, 137, 0, NULL, 'SANTUARIO', 'ANTIOQUIA'),
(520, 15000, 4100, 7, 958, 137, 0, NULL, 'SEGOVIA', 'ANTIOQUIA'),
(521, 15000, 4100, 7, 959, 137, 0, NULL, 'SONSON', 'ANTIOQUIA'),
(522, 15000, 4100, 7, 806, 137, 0, NULL, 'SOPETRAN', 'ANTIOQUIA'),
(523, 15000, 4100, 7, 961, 137, 0, NULL, 'TAMESIS', 'ANTIOQUIA'),
(524, 15000, 4100, 7, 814, 137, 0, NULL, 'TARAZA', 'ANTIOQUIA'),
(525, 15000, 4100, 7, 963, 137, 0, NULL, 'TARSO', 'ANTIOQUIA'),
(526, 15000, 4100, 7, 964, 137, 0, NULL, 'TITIRIBI', 'ANTIOQUIA'),
(527, 15000, 4100, 7, 965, 137, 0, NULL, 'TOLEDO', 'ANTIOQUIA'),
(528, 15000, 4100, 7, 828, 137, 0, NULL, 'TURBO', 'ANTIOQUIA'),
(529, 15000, 4100, 7, 967, 137, 0, NULL, 'URAMITA', 'ANTIOQUIA'),
(530, 15000, 4100, 7, 968, 137, 0, NULL, 'URRAO', 'ANTIOQUIA'),
(531, 15000, 4100, 7, 969, 137, 0, NULL, 'VALDIVIA', 'ANTIOQUIA'),
(532, 15000, 4100, 7, 970, 137, 0, NULL, 'VALPARAISO', 'ANTIOQUIA'),
(533, 15000, 4100, 7, 971, 137, 0, NULL, 'VEGACHI', 'ANTIOQUIA'),
(534, 15000, 4100, 7, 972, 137, 0, NULL, 'VENECIA', 'ANTIOQUIA'),
(535, 15000, 4100, 7, 973, 137, 0, NULL, 'VIGIA DEL FUERTE', 'ANTIOQUIA'),
(536, 15000, 4100, 7, 974, 137, 0, NULL, 'YALI', 'ANTIOQUIA'),
(537, 15000, 4100, 7, 975, 137, 0, NULL, 'YARUMAL', 'ANTIOQUIA'),
(538, 15000, 4100, 7, 976, 137, 0, NULL, 'YOLOMBO', 'ANTIOQUIA'),
(539, 15000, 4100, 7, 848, 137, 0, NULL, 'YONDO', 'ANTIOQUIA'),
(540, 15000, 4100, 7, 978, 137, 0, NULL, 'ZARAGOZA', 'ANTIOQUIA'),
(541, 15000, 4100, 7, 521, 141, 0, NULL, 'ARAUCA', 'ARAUCA'),
(542, 15000, 4100, 7, 522, 141, 0, NULL, 'ARAUQUITA', 'ARAUCA'),
(543, 15000, 4100, 7, 1903, 141, 0, NULL, 'CRAVO NORTE', 'ARAUCA'),
(544, 15000, 4100, 7, 607, 141, 0, NULL, 'FORTUL', 'ARAUCA'),
(545, 15000, 4100, 7, 1905, 141, 0, NULL, 'PUERTO RONDON', 'ARAUCA'),
(546, 15000, 4100, 7, 792, 141, 0, NULL, 'SARAVENA', 'ARAUCA'),
(547, 15000, 4100, 7, 813, 141, 0, NULL, 'TAME', 'ARAUCA'),
(548, 15000, 4100, 7, 527, 159, 0, NULL, 'BARANOA', 'ATLANTICO'),
(549, 7500, 3000, 7, 534, 159, 0, NULL, 'BARRANQUILLA', 'ATLANTICO'),
(550, 15000, 4100, 7, 982, 159, 0, NULL, 'CAMPO DE LA CRUZ', 'ATLANTICO'),
(551, 15000, 4100, 7, 613, 159, 0, NULL, 'GALAPA', 'ATLANTICO'),
(552, 15000, 4100, 7, 985, 159, 0, NULL, 'JUAN DE ACOSTA', 'ATLANTICO'),
(553, 15000, 4100, 7, 986, 159, 0, NULL, 'LURUACO', 'ATLANTICO'),
(554, 7500, 2000, 7, 671, 159, 0, NULL, 'MALAMBO', 'ATLANTICO'),
(555, 15000, 4100, 7, 988, 159, 0, NULL, 'MANATI', 'ATLANTICO'),
(556, 15000, 4100, 7, 707, 159, 0, NULL, 'PALMAR DE VARELA', 'ATLANTICO'),
(557, 15000, 4100, 7, 990, 159, 0, NULL, 'PIOJO', 'ATLANTICO'),
(558, 15000, 4100, 7, 991, 159, 0, NULL, 'POLONUEVO', 'ATLANTICO'),
(559, 15000, 4100, 7, 992, 159, 0, NULL, 'PONEDERA', 'ATLANTICO'),
(560, 7500, 2000, 7, 731, 159, 0, NULL, 'PUERTO COLOMBIA', 'ATLANTICO'),
(561, 15000, 4100, 7, 994, 159, 0, NULL, 'REPELON', 'ATLANTICO'),
(562, 12000, 2000, 7, 754, 159, 0, NULL, 'SABANAGRANDE', 'ATLANTICO'),
(563, 12000, 2000, 7, 755, 159, 0, NULL, 'SABANALARGA', 'ATLANTICO'),
(564, 15000, 4100, 7, 997, 159, 0, NULL, 'SANTA LUCIA', 'ATLANTICO'),
(565, 15000, 4100, 7, 790, 159, 0, NULL, 'SANTO TOMAS', 'ATLANTICO'),
(566, 7500, 2000, 7, 805, 159, 0, NULL, 'SOLEDAD', 'ATLANTICO'),
(567, 15000, 4100, 7, 999, 159, 0, NULL, 'SUAN', 'ATLANTICO'),
(568, 15000, 4100, 7, 1000, 159, 0, NULL, 'TUBARA', 'ATLANTICO'),
(569, 15000, 4100, 7, 1001, 159, 0, NULL, 'USIACURI', 'ATLANTICO'),
(570, 15000, 4100, 7, 1004, 142, 0, NULL, 'ACHI', 'BOLIVAR'),
(571, 15000, 4100, 7, 1005, 142, 0, NULL, 'ALTOS DEL ROSARIO', 'BOLIVAR'),
(572, 15000, 4100, 7, 1006, 142, 0, NULL, 'ARENAL', 'BOLIVAR'),
(573, 15000, 4100, 7, 523, 142, 0, NULL, 'ARJONA', 'BOLIVAR'),
(574, 15000, 4100, 7, 1008, 142, 0, NULL, 'ARROYOHONDO', 'BOLIVAR'),
(575, 15000, 4100, 7, 1009, 142, 0, NULL, 'BARRANCO DE LOBA', 'BOLIVAR'),
(576, 15000, 4100, 7, 1010, 142, 0, NULL, 'CALAMAR', 'BOLIVAR'),
(577, 15000, 4100, 7, 1011, 142, 0, NULL, 'CANTAGALLO', 'BOLIVAR'),
(578, 15000, 4100, 7, 556, 142, 0, NULL, 'CARMEN DE BOLIVAR', 'BOLIVAR'),
(579, 7500, 2000, 7, 559, 142, 0, NULL, 'CARTAGENA', 'BOLIVAR'),
(580, 15000, 4100, 7, 1012, 142, 0, NULL, 'CICUCO', 'BOLIVAR'),
(581, 15000, 4100, 7, 1013, 142, 0, NULL, 'CLEMENCIA', 'BOLIVAR'),
(582, 15000, 4100, 7, 1014, 142, 0, NULL, 'CORDOBA', 'BOLIVAR'),
(583, 15000, 4100, 7, 1015, 142, 0, NULL, 'EL CARMEN DE BOLIVAR', 'BOLIVAR'),
(584, 15000, 4100, 7, 1016, 142, 0, NULL, 'EL GUAMO', 'BOLIVAR'),
(585, 15000, 4100, 7, 1017, 142, 0, NULL, 'EL PEÑON', 'BOLIVAR'),
(586, 15000, 4100, 7, 1018, 142, 0, NULL, 'HATILLO DE LOBA', 'BOLIVAR'),
(587, 12000, 2000, 7, 668, 142, 0, NULL, 'MAGANGUE', 'BOLIVAR'),
(588, 15000, 4100, 7, 1020, 142, 0, NULL, 'MAHATES', 'BOLIVAR'),
(589, 15000, 4100, 7, 1021, 142, 0, NULL, 'MARGARITA', 'BOLIVAR'),
(590, 15000, 4100, 7, 674, 142, 0, NULL, 'MARIA LA BAJA', 'BOLIVAR'),
(591, 15000, 4100, 7, 684, 142, 0, NULL, 'MOMPOS', 'BOLIVAR'),
(592, 15000, 4100, 7, 1024, 142, 0, NULL, 'MONTECRISTO', 'BOLIVAR'),
(593, 15000, 4100, 7, 1025, 142, 0, NULL, 'MORALES', 'BOLIVAR'),
(594, 15000, 4100, 7, 1026, 142, 0, NULL, 'NOROSI', 'BOLIVAR'),
(595, 15000, 4100, 7, 711, 142, 0, NULL, 'PASACABALLOS', 'BOLIVAR'),
(596, 15000, 4100, 7, 1027, 142, 0, NULL, 'PINILLOS', 'BOLIVAR'),
(597, 15000, 4100, 7, 1028, 142, 0, NULL, 'REGIDOR', 'BOLIVAR'),
(598, 15000, 4100, 7, 1029, 142, 0, NULL, 'RIO VIEJO', 'BOLIVAR'),
(599, 15000, 4100, 7, 1031, 142, 0, NULL, 'SAN ESTANISLAO', 'BOLIVAR'),
(600, 15000, 4100, 7, 1032, 142, 0, NULL, 'SAN FERNANDO', 'BOLIVAR'),
(601, 15000, 4100, 7, 1033, 142, 0, NULL, 'SAN JACINTO', 'BOLIVAR'),
(602, 15000, 4100, 7, 1034, 142, 0, NULL, 'SAN JACINTO DEL CAUCA', 'BOLIVAR'),
(603, 15000, 4100, 7, 771, 142, 0, NULL, 'SAN JUAN NEPOMUCENO', 'BOLIVAR'),
(604, 15000, 4100, 7, 1036, 142, 0, NULL, 'SAN MARTIN DE LOBA', 'BOLIVAR'),
(605, 15000, 4100, 7, 1037, 142, 0, NULL, 'SAN PABLO', 'BOLIVAR'),
(606, 15000, 4100, 7, 1038, 142, 0, NULL, 'SANTA CATALINA', 'BOLIVAR'),
(607, 15000, 4100, 7, 1039, 142, 0, NULL, 'SANTA ROSA', 'BOLIVAR'),
(608, 15000, 4100, 7, 1040, 142, 0, NULL, 'SANTA ROSA DEL SUR', 'BOLIVAR'),
(609, 15000, 4100, 7, 1041, 142, 0, NULL, 'SIMITI', 'BOLIVAR'),
(610, 15000, 4100, 7, 1042, 142, 0, NULL, 'SOPLAVIENTO', 'BOLIVAR'),
(611, 15000, 4100, 7, 1043, 142, 0, NULL, 'TALAIGUA NUEVO', 'BOLIVAR'),
(612, 15000, 4100, 7, 1044, 142, 0, NULL, 'TIQUISIO', 'BOLIVAR'),
(613, 7500, 2000, 7, 827, 142, 0, NULL, 'TURBACO', 'BOLIVAR'),
(614, 15000, 4100, 7, 1046, 142, 0, NULL, 'TURBANA', 'BOLIVAR'),
(615, 15000, 4100, 7, 1048, 142, 0, NULL, 'ZAMBRANO', 'BOLIVAR'),
(616, 15000, 4100, 7, 1049, 139, 0, NULL, 'ALMEIDA', 'BOYACA'),
(617, 15000, 4100, 7, 518, 139, 0, NULL, 'AQUITANIA', 'BOYACA'),
(618, 15000, 4100, 7, 1051, 139, 0, NULL, 'ARCABUCO', 'BOYACA'),
(619, 15000, 4100, 7, 537, 139, 0, NULL, 'BELEN', 'BOYACA'),
(620, 15000, 4100, 7, 1053, 139, 0, NULL, 'BERBEO', 'BOYACA'),
(621, 15000, 4100, 7, 1054, 139, 0, NULL, 'BETEITIVA', 'BOYACA'),
(622, 15000, 4100, 7, 1055, 139, 0, NULL, 'BOAVITA', 'BOYACA'),
(623, 15000, 4100, 7, 1056, 139, 0, NULL, 'BOYACA', 'BOYACA'),
(624, 15000, 4100, 7, 1057, 139, 0, NULL, 'BRICEÑO', 'BOYACA'),
(625, 15000, 4100, 7, 543, 139, 0, NULL, 'BUENAVISTA', 'BOYACA'),
(626, 15000, 4100, 7, 1059, 139, 0, NULL, 'BUSBANZA', 'BOYACA'),
(627, 15000, 4100, 7, 1061, 139, 0, NULL, 'CAMPOHERMOSO', 'BOYACA'),
(628, 15000, 4100, 7, 1062, 139, 0, NULL, 'CERINZA', 'BOYACA'),
(629, 15000, 4100, 7, 1063, 139, 0, NULL, 'CHINAVITA', 'BOYACA'),
(630, 15000, 4100, 7, 569, 139, 0, NULL, 'CHIQUINQUIRA', 'BOYACA'),
(631, 15000, 4100, 7, 1065, 139, 0, NULL, 'CHIQUIZA', 'BOYACA'),
(632, 15000, 4100, 7, 1066, 139, 0, NULL, 'CHISCAS', 'BOYACA'),
(633, 15000, 4100, 7, 1067, 139, 0, NULL, 'CHITA', 'BOYACA'),
(634, 15000, 4100, 7, 1068, 139, 0, NULL, 'CHITARAQUE', 'BOYACA'),
(635, 15000, 4100, 7, 1069, 139, 0, NULL, 'CHIVATA', 'BOYACA'),
(636, 15000, 4100, 7, 1070, 139, 0, NULL, 'CHIVOR', 'BOYACA'),
(637, 15000, 4100, 7, 1071, 139, 0, NULL, 'CIENEGA', 'BOYACA'),
(638, 15000, 4100, 7, 1072, 139, 0, NULL, 'COMBITA', 'BOYACA'),
(639, 15000, 4100, 7, 1073, 139, 0, NULL, 'COPER', 'BOYACA'),
(640, 15000, 4100, 7, 1074, 139, 0, NULL, 'CORRALES', 'BOYACA'),
(641, 15000, 4100, 7, 1075, 139, 0, NULL, 'COVARACHIA', 'BOYACA'),
(642, 15000, 4100, 7, 1076, 139, 0, NULL, 'CUBARA', 'BOYACA'),
(643, 15000, 4100, 7, 1077, 139, 0, NULL, 'CUCAITA', 'BOYACA'),
(644, 15000, 4100, 7, 1078, 139, 0, NULL, 'CUITIVA', 'BOYACA'),
(645, 14000, 4100, 7, 591, 139, 0, NULL, 'DUITAMA', 'BOYACA'),
(646, 15000, 4100, 7, 594, 139, 0, NULL, 'EL COCUY', 'BOYACA'),
(647, 15000, 4100, 7, 1081, 139, 0, NULL, 'EL ESPINO', 'BOYACA'),
(648, 15000, 4100, 7, 1082, 139, 0, NULL, 'FIRAVITOBA', 'BOYACA'),
(649, 15000, 4100, 7, 1083, 139, 0, NULL, 'FLORESTA', 'BOYACA'),
(650, 15000, 4100, 7, 1084, 139, 0, NULL, 'GACHANTIVA', 'BOYACA'),
(651, 15000, 4100, 7, 1085, 139, 0, NULL, 'GAMEZA', 'BOYACA'),
(652, 15000, 4100, 7, 615, 139, 0, NULL, 'GARAGOA', 'BOYACA'),
(653, 15000, 4100, 7, 1087, 139, 0, NULL, 'GUACAMAYAS', 'BOYACA'),
(654, 15000, 4100, 7, 631, 139, 0, NULL, 'GUATEQUE', 'BOYACA'),
(655, 15000, 4100, 7, 1089, 139, 0, NULL, 'GUAYATA', 'BOYACA'),
(656, 15000, 4100, 7, 1090, 139, 0, NULL, 'GÜICAN', 'BOYACA'),
(657, 15000, 4100, 7, 1091, 139, 0, NULL, 'IZA', 'BOYACA'),
(658, 15000, 4100, 7, 644, 139, 0, NULL, 'JENESANO', 'BOYACA'),
(659, 15000, 4100, 7, 1094, 139, 0, NULL, 'LA CAPILLA', 'BOYACA'),
(660, 15000, 4100, 7, 1095, 139, 0, NULL, 'LA UVITA', 'BOYACA'),
(661, 15000, 4100, 7, 1096, 139, 0, NULL, 'LA VICTORIA', 'BOYACA'),
(662, 15000, 4100, 7, 1097, 139, 0, NULL, 'LABRANZAGRANDE', 'BOYACA'),
(663, 15000, 4100, 7, 1098, 139, 0, NULL, 'MACANAL', 'BOYACA'),
(664, 15000, 4100, 7, 1099, 139, 0, NULL, 'MARIPI', 'BOYACA'),
(665, 15000, 4100, 7, 681, 139, 0, NULL, 'MIRAFLORES', 'BOYACA'),
(666, 15000, 4100, 7, 1101, 139, 0, NULL, 'MONGUA', 'BOYACA'),
(667, 15000, 4100, 7, 1102, 139, 0, NULL, 'MONGUI', 'BOYACA'),
(668, 15000, 4100, 7, 685, 139, 0, NULL, 'MONIQUIRA', 'BOYACA'),
(669, 15000, 4100, 7, 1104, 139, 0, NULL, 'MOTAVITA', 'BOYACA'),
(670, 15000, 4100, 7, 690, 139, 0, NULL, 'MUZO', 'BOYACA'),
(671, 15000, 4100, 7, 695, 139, 0, NULL, 'NOBSA', 'BOYACA'),
(672, 15000, 4100, 7, 1107, 139, 0, NULL, 'NUEVO COLON', 'BOYACA'),
(673, 15000, 4100, 7, 1108, 139, 0, NULL, 'OICATA', 'BOYACA'),
(674, 15000, 4100, 7, 1109, 139, 0, NULL, 'OTANCHE', 'BOYACA'),
(675, 15000, 4100, 7, 1110, 139, 0, NULL, 'PACHAVITA', 'BOYACA'),
(676, 15000, 4100, 7, 1111, 139, 0, NULL, 'PAEZ', 'BOYACA'),
(677, 15000, 4100, 7, 704, 139, 0, NULL, 'PAIPA', 'BOYACA'),
(678, 15000, 4100, 7, 1113, 139, 0, NULL, 'PAJARITO', 'BOYACA'),
(679, 15000, 4100, 7, 1114, 139, 0, NULL, 'PANQUEBA', 'BOYACA'),
(680, 15000, 4100, 7, 1115, 139, 0, NULL, 'PAUNA', 'BOYACA'),
(681, 15000, 4100, 7, 1116, 139, 0, NULL, 'PAYA', 'BOYACA'),
(682, 15000, 4100, 7, 714, 139, 0, NULL, 'PAZ DE RIO', 'BOYACA'),
(683, 15000, 4100, 7, 1118, 139, 0, NULL, 'PESCA', 'BOYACA'),
(684, 15000, 4100, 7, 1119, 139, 0, NULL, 'PISBA', 'BOYACA'),
(685, 15000, 4100, 7, 729, 139, 0, NULL, 'PUERTO BOYACA', 'BOYACA'),
(686, 15000, 4100, 7, 1121, 139, 0, NULL, 'QUIPAMA', 'BOYACA'),
(687, 15000, 4100, 7, 740, 139, 0, NULL, 'RAMIRIQUI', 'BOYACA'),
(688, 15000, 4100, 7, 1123, 139, 0, NULL, 'RAQUIRA', 'BOYACA'),
(689, 15000, 4100, 7, 1124, 139, 0, NULL, 'RONDON', 'BOYACA'),
(690, 15000, 4100, 7, 1125, 139, 0, NULL, 'SABOYA', 'BOYACA'),
(691, 15000, 4100, 7, 1126, 139, 0, NULL, 'SACHICA', 'BOYACA'),
(692, 15000, 4100, 7, 759, 139, 0, NULL, 'SAMACA', 'BOYACA'),
(693, 15000, 4100, 7, 1128, 139, 0, NULL, 'SAN EDUARDO', 'BOYACA'),
(694, 15000, 4100, 7, 1129, 139, 0, NULL, 'SAN JOSE DE PARE', 'BOYACA'),
(695, 15000, 4100, 7, 1130, 139, 0, NULL, 'SAN LUIS DE GACENO', 'BOYACA'),
(696, 15000, 4100, 7, 1131, 139, 0, NULL, 'SAN MATEO', 'BOYACA'),
(697, 15000, 4100, 7, 1132, 139, 0, NULL, 'SAN MIGUEL DE SEMA', 'BOYACA'),
(698, 15000, 4100, 7, 1133, 139, 0, NULL, 'SAN PABLO DE BORBUR', 'BOYACA'),
(699, 15000, 4100, 7, 786, 139, 0, NULL, 'SANTA ROSA DE VITERBO', 'BOYACA'),
(700, 15000, 4100, 7, 1136, 139, 0, NULL, 'SANTA SOFIA', 'BOYACA'),
(701, 15000, 4100, 7, 788, 139, 0, NULL, 'SANTANA', 'BOYACA'),
(702, 15000, 4100, 7, 1138, 139, 0, NULL, 'SATIVANORTE', 'BOYACA'),
(703, 15000, 4100, 7, 1139, 139, 0, NULL, 'SATIVASUR', 'BOYACA'),
(704, 15000, 4100, 7, 1140, 139, 0, NULL, 'SIACHOQUE', 'BOYACA'),
(705, 15000, 4100, 7, 801, 139, 0, NULL, 'SOATA', 'BOYACA'),
(706, 15000, 4100, 7, 802, 139, 0, NULL, 'SOCHA', 'BOYACA'),
(707, 15000, 4100, 7, 1143, 139, 0, NULL, 'SOCOTA', 'BOYACA'),
(708, 15000, 4100, 7, 804, 139, 0, NULL, 'SOGAMOSO', 'BOYACA'),
(709, 15000, 4100, 7, 1145, 139, 0, NULL, 'SOMONDOCO', 'BOYACA'),
(710, 15000, 4100, 7, 1146, 139, 0, NULL, 'SORA', 'BOYACA'),
(711, 15000, 4100, 7, 808, 139, 0, NULL, 'SORACA', 'BOYACA'),
(712, 15000, 4100, 7, 1148, 139, 0, NULL, 'SOTAQUIRA', 'BOYACA'),
(713, 15000, 4100, 7, 1149, 139, 0, NULL, 'SUSACON', 'BOYACA'),
(714, 15000, 4100, 7, 811, 139, 0, NULL, 'SUTAMARCHAN', 'BOYACA'),
(715, 15000, 4100, 7, 1151, 139, 0, NULL, 'SUTATENZA', 'BOYACA'),
(716, 15000, 4100, 7, 1152, 139, 0, NULL, 'TASCO', 'BOYACA'),
(717, 15000, 4100, 7, 816, 139, 0, NULL, 'TENZA', 'BOYACA'),
(718, 15000, 4100, 7, 1154, 139, 0, NULL, 'TIBANA', 'BOYACA'),
(719, 15000, 4100, 7, 1155, 139, 0, NULL, 'TIBASOSA', 'BOYACA'),
(720, 15000, 4100, 7, 1156, 139, 0, NULL, 'TINJACA', 'BOYACA'),
(721, 15000, 4100, 7, 1157, 139, 0, NULL, 'TIPACOQUE', 'BOYACA'),
(722, 15000, 4100, 7, 1158, 139, 0, NULL, 'TOCA', 'BOYACA'),
(723, 15000, 4100, 7, 1159, 139, 0, NULL, 'TOGÜI', 'BOYACA'),
(724, 15000, 4100, 7, 1160, 139, 0, NULL, 'TOPAGA', 'BOYACA'),
(725, 15000, 4100, 7, 1161, 139, 0, NULL, 'TOTA', 'BOYACA'),
(726, 14000, 4100, 7, 825, 139, 0, NULL, 'TUNJA', 'BOYACA'),
(727, 15000, 4100, 7, 1163, 139, 0, NULL, 'TUNUNGUA', 'BOYACA'),
(728, 15000, 4100, 7, 1164, 139, 0, NULL, 'TURMEQUE', 'BOYACA'),
(729, 15000, 4100, 7, 829, 139, 0, NULL, 'TUTA', 'BOYACA'),
(730, 15000, 4100, 7, 1166, 139, 0, NULL, 'TUTAZA', 'BOYACA'),
(731, 15000, 4100, 7, 1167, 139, 0, NULL, 'UMBITA', 'BOYACA'),
(732, 15000, 4100, 7, 1168, 139, 0, NULL, 'VENTAQUEMADA', 'BOYACA'),
(733, 15000, 4100, 7, 836, 139, 0, NULL, 'VILLA DE LEYVA', 'BOYACA'),
(734, 15000, 4100, 7, 1170, 139, 0, NULL, 'VIRACACHA', 'BOYACA'),
(735, 15000, 4100, 7, 1171, 139, 0, NULL, 'ZETAQUIRA', 'BOYACA'),
(736, 15000, 4100, 7, 502, 131, 0, NULL, 'AGUADAS', 'CALDAS'),
(737, 15000, 4100, 7, 515, 131, 0, NULL, 'ANSERMA', 'CALDAS'),
(738, 15000, 4100, 7, 520, 131, 0, NULL, 'ARANZAZU', 'CALDAS'),
(739, 15000, 4100, 7, 536, 131, 0, NULL, 'BELALCAZAR', 'CALDAS'),
(740, 15000, 4100, 7, 568, 131, 0, NULL, 'CHINCHINA', 'CALDAS'),
(741, 15000, 4100, 7, 1178, 131, 0, NULL, 'FILADELFIA', 'CALDAS'),
(742, 15000, 4100, 7, 649, 131, 0, NULL, 'LA DORADA', 'CALDAS'),
(743, 15000, 4100, 7, 1180, 131, 0, NULL, 'LA MERCED', 'CALDAS'),
(744, 11500, 3500, 7, 672, 131, 0, NULL, 'MANIZALES', 'CALDAS'),
(745, 15000, 4100, 7, 673, 131, 0, NULL, 'MANZANARES', 'CALDAS'),
(746, 15000, 4100, 7, 1182, 131, 0, NULL, 'MARMATO', 'CALDAS'),
(747, 15000, 4100, 7, 1183, 131, 0, NULL, 'MARQUETALIA', 'CALDAS'),
(748, 15000, 4100, 7, 1184, 131, 0, NULL, 'MARULANDA', 'CALDAS'),
(749, 15000, 4100, 7, 693, 131, 0, NULL, 'NEIRA', 'CALDAS'),
(750, 15000, 4100, 7, 1186, 131, 0, NULL, 'NORCASIA', 'CALDAS'),
(751, 15000, 4100, 7, 702, 131, 0, NULL, 'PACORA', 'CALDAS'),
(752, 15000, 4100, 7, 706, 131, 0, NULL, 'PALESTINA', 'CALDAS'),
(753, 15000, 4100, 7, 716, 131, 0, NULL, 'PENSILVANIA', 'CALDAS'),
(754, 15000, 4100, 7, 748, 131, 0, NULL, 'RIOSUCIO', 'CALDAS'),
(755, 15000, 4100, 7, 749, 131, 0, NULL, 'RISARALDA', 'CALDAS'),
(756, 15000, 4100, 7, 757, 131, 0, NULL, 'SALAMINA', 'CALDAS'),
(757, 15000, 4100, 7, 1193, 131, 0, NULL, 'SAMANA', 'CALDAS'),
(758, 15000, 4100, 7, 769, 131, 0, NULL, 'SAN JOSE', 'CALDAS'),
(759, 15000, 4100, 7, 810, 131, 0, NULL, 'SUPIA', 'CALDAS'),
(760, 15000, 4100, 7, 1196, 131, 0, NULL, 'VICTORIA', 'CALDAS'),
(761, 15000, 4100, 7, 841, 131, 0, NULL, 'VILLAMARIA', 'CALDAS'),
(762, 15000, 4100, 7, 1198, 131, 0, NULL, 'VITERBO', 'CALDAS'),
(763, 15000, 4100, 7, 1200, 152, 0, NULL, 'BELEN DE LOS ANDAQUIES', 'CAQUETA'),
(764, 15000, 4100, 7, 1201, 152, 0, NULL, 'CARTAGENA DEL CHAIRA', 'CAQUETA'),
(765, 15000, 4100, 7, 1202, 152, 0, NULL, 'CURILLO', 'CAQUETA'),
(766, 15000, 4100, 7, 1203, 152, 0, NULL, 'EL DONCELLO', 'CAQUETA'),
(767, 15000, 4100, 7, 1204, 152, 0, NULL, 'EL PAUJIL', 'CAQUETA'),
(768, 15000, 4100, 7, 602, 152, 0, NULL, 'FLORENCIA', 'CAQUETA'),
(769, 15000, 4100, 7, 1206, 152, 0, NULL, 'LA MONTAÑITA', 'CAQUETA'),
(770, 15000, 4100, 7, 1207, 152, 0, NULL, 'MILAN', 'CAQUETA'),
(771, 15000, 4100, 7, 1208, 152, 0, NULL, 'MORELIA', 'CAQUETA'),
(772, 15000, 4100, 7, 1209, 152, 0, NULL, 'PUERTO RICO', 'CAQUETA'),
(773, 15000, 4100, 7, 1210, 152, 0, NULL, 'SAN JOSE DEL FRAGUA', 'CAQUETA'),
(774, 15000, 4100, 7, 779, 152, 0, NULL, 'SAN VICENTE DEL CAGUAN', 'CAQUETA'),
(775, 15000, 4100, 7, 1212, 152, 0, NULL, 'SOLANO', 'CAQUETA'),
(776, 15000, 4100, 7, 1213, 152, 0, NULL, 'SOLITA', 'CAQUETA'),
(777, 15000, 4100, 7, 1214, 152, 0, NULL, 'VALPARAISO', 'CAQUETA'),
(778, 15000, 4100, 7, 503, 132, 0, NULL, 'AGUAZUL', 'CASANARE'),
(779, 15000, 4100, 7, 1909, 132, 0, NULL, 'CHAMEZA', 'CASANARE'),
(780, 15000, 4100, 7, 1910, 132, 0, NULL, 'HATO COROZAL', 'CASANARE'),
(781, 15000, 4100, 7, 656, 132, 0, NULL, 'LA SALINA', 'CASANARE'),
(782, 15000, 4100, 7, 1912, 132, 0, NULL, 'MANI', 'CASANARE'),
(783, 15000, 4100, 7, 687, 132, 0, NULL, 'MONTERREY', 'CASANARE'),
(784, 15000, 4100, 7, 1914, 132, 0, NULL, 'NUNCHIA', 'CASANARE'),
(785, 15000, 4100, 7, 1915, 132, 0, NULL, 'OROCUE', 'CASANARE'),
(786, 15000, 4100, 7, 1916, 132, 0, NULL, 'PAZ DE ARIPORO', 'CASANARE'),
(787, 15000, 4100, 7, 1917, 132, 0, NULL, 'PORE', 'CASANARE'),
(788, 15000, 4100, 7, 1918, 132, 0, NULL, 'RECETOR', 'CASANARE'),
(789, 15000, 4100, 7, 1920, 132, 0, NULL, 'SACAMA', 'CASANARE'),
(790, 15000, 4100, 7, 1921, 132, 0, NULL, 'SAN LUIS DE PALENQUE', 'CASANARE'),
(791, 15000, 4100, 7, 1922, 132, 0, NULL, 'TAMARA', 'CASANARE'),
(792, 15000, 4100, 7, 815, 132, 0, NULL, 'TAURAMENA', 'CASANARE'),
(793, 15000, 4100, 7, 1924, 132, 0, NULL, 'TRINIDAD', 'CASANARE'),
(794, 15000, 4100, 7, 842, 132, 0, NULL, 'VILLANUEVA', 'CASANARE'),
(795, 15000, 4100, 7, 849, 132, 0, NULL, 'YOPAL', 'CASANARE'),
(796, 15000, 4100, 7, 1215, 155, 0, NULL, 'ALMAGUER', 'CAUCA'),
(797, 15000, 4100, 7, 1862, 155, 0, NULL, 'ANSERMANUEVO', 'CAUCA'),
(798, 15000, 4100, 7, 1863, 155, 0, NULL, 'ARGELIA', 'CAUCA'),
(799, 15000, 4100, 7, 1216, 155, 0, NULL, 'ARGELIA', 'CAUCA'),
(800, 15000, 4100, 7, 1864, 155, 0, NULL, 'BOLIVAR', 'CAUCA'),
(801, 15000, 4100, 7, 1218, 155, 0, NULL, 'BOLIVAR', 'CAUCA'),
(802, 15000, 4100, 7, 1219, 155, 0, NULL, 'BUENOS AIRES', 'CAUCA'),
(803, 15000, 4100, 7, 1220, 155, 0, NULL, 'CAJIBIO', 'CAUCA'),
(804, 15000, 4100, 7, 1221, 155, 0, NULL, 'CALDONO', 'CAUCA'),
(805, 15000, 4100, 7, 1868, 155, 0, NULL, 'CALIMA', 'CAUCA'),
(806, 15000, 4100, 7, 1222, 155, 0, NULL, 'CALOTO', 'CAUCA'),
(807, 15000, 4100, 7, 1223, 155, 0, NULL, 'CALOTO', 'CAUCA'),
(808, 15000, 4100, 7, 1224, 155, 0, NULL, 'CORINTO', 'CAUCA'),
(809, 15000, 4100, 7, 1872, 155, 0, NULL, 'EL AGUILA', 'CAUCA'),
(810, 15000, 4100, 7, 1873, 155, 0, NULL, 'EL CAIRO', 'CAUCA'),
(811, 15000, 4100, 7, 1875, 155, 0, NULL, 'EL DOVIO', 'CAUCA'),
(812, 15000, 4100, 7, 1225, 155, 0, NULL, 'EL TAMBO', 'CAUCA'),
(813, 15000, 4100, 7, 1879, 155, 0, NULL, 'GUADALAJARA DE BUGA', 'CAUCA'),
(814, 15000, 4100, 7, 1227, 155, 0, NULL, 'GUAPI', 'CAUCA'),
(815, 15000, 4100, 7, 1228, 155, 0, NULL, 'INZA', 'CAUCA'),
(816, 15000, 4100, 7, 1229, 155, 0, NULL, 'JAMBALO', 'CAUCA'),
(817, 15000, 4100, 7, 1881, 155, 0, NULL, 'LA CUMBRE', 'CAUCA'),
(818, 15000, 4100, 7, 1230, 155, 0, NULL, 'LA SIERRA', 'CAUCA'),
(819, 15000, 4100, 7, 1883, 155, 0, NULL, 'LA VICTORIA', 'CAUCA'),
(820, 15000, 4100, 7, 1232, 155, 0, NULL, 'LOPEZ', 'CAUCA'),
(821, 15000, 4100, 7, 1233, 155, 0, NULL, 'MERCADERES', 'CAUCA'),
(822, 15000, 4100, 7, 1234, 155, 0, NULL, 'MIRANDA', 'CAUCA'),
(823, 15000, 4100, 7, 1235, 155, 0, NULL, 'MORALES', 'CAUCA'),
(824, 15000, 4100, 7, 1236, 155, 0, NULL, 'PADILLA', 'CAUCA'),
(825, 15000, 4100, 7, 1237, 155, 0, NULL, 'PAEZ', 'CAUCA'),
(826, 15000, 4100, 7, 1238, 155, 0, NULL, 'PATIA', 'CAUCA'),
(827, 15000, 4100, 7, 1239, 155, 0, NULL, 'PIAMONTE', 'CAUCA'),
(828, 15000, 4100, 7, 719, 155, 0, NULL, 'PIENDAMO', 'CAUCA'),
(829, 14000, 4100, 7, 723, 155, 0, NULL, 'POPAYAN', 'CAUCA'),
(830, 15000, 4100, 7, 734, 155, 0, NULL, 'PUERTO TEJADA', 'CAUCA'),
(831, 15000, 4100, 7, 1243, 155, 0, NULL, 'PURACE', 'CAUCA'),
(832, 15000, 4100, 7, 1244, 155, 0, NULL, 'ROSAS', 'CAUCA'),
(833, 15000, 4100, 7, 1245, 155, 0, NULL, 'SAN SEBASTIAN', 'CAUCA'),
(834, 15000, 4100, 7, 1246, 155, 0, NULL, 'SANTA ROSA', 'CAUCA'),
(835, 15000, 4100, 7, 789, 155, 0, NULL, 'SANTANDER DE QUILICHAO', 'CAUCA'),
(836, 15000, 4100, 7, 1248, 155, 0, NULL, 'SILVIA', 'CAUCA'),
(837, 15000, 4100, 7, 1249, 155, 0, NULL, 'SOTARA', 'CAUCA'),
(838, 15000, 4100, 7, 1250, 155, 0, NULL, 'SUAREZ', 'CAUCA'),
(839, 15000, 4100, 7, 1251, 155, 0, NULL, 'SUCRE', 'CAUCA'),
(840, 15000, 4100, 7, 1252, 155, 0, NULL, 'TIMBIO', 'CAUCA'),
(841, 15000, 4100, 7, 1253, 155, 0, NULL, 'TIMBIQUI', 'CAUCA'),
(842, 15000, 4100, 7, 1254, 155, 0, NULL, 'TORIBIO', 'CAUCA'),
(843, 15000, 4100, 7, 1892, 155, 0, NULL, 'TORO', 'CAUCA'),
(844, 15000, 4100, 7, 1255, 155, 0, NULL, 'TOTORO', 'CAUCA'),
(845, 15000, 4100, 7, 1893, 155, 0, NULL, 'TRUJILLO', 'CAUCA'),
(846, 15000, 4100, 7, 1895, 155, 0, NULL, 'ULLOA', 'CAUCA'),
(847, 15000, 4100, 7, 1896, 155, 0, NULL, 'VERSALLES', 'CAUCA'),
(848, 15000, 4100, 7, 1897, 155, 0, NULL, 'VIJES', 'CAUCA'),
(849, 15000, 4100, 7, 1256, 155, 0, NULL, 'VILLA RICA', 'CAUCA'),
(850, 15000, 4100, 7, 844, 155, 0, NULL, 'VILLARRICA', 'CAUCA'),
(851, 14000, 4100, 7, 501, 130, 0, NULL, 'AGUACHICA', 'CESAR'),
(852, 15000, 4100, 7, 1258, 130, 0, NULL, 'AGUSTIN CODAZZI', 'CESAR'),
(853, 15000, 4100, 7, 525, 130, 0, NULL, 'ASTREA', 'CESAR'),
(854, 15000, 4100, 7, 535, 130, 0, NULL, 'BECERRIL', 'CESAR'),
(855, 12000, 2000, 7, 540, 130, 0, NULL, 'BOSCONIA', 'CESAR'),
(856, 15000, 4100, 7, 1262, 130, 0, NULL, 'CHIMICHAGUA', 'CESAR'),
(857, 15000, 4100, 7, 1263, 130, 0, NULL, 'CHIRIGUANA', 'CESAR'),
(858, 14000, 4100, 7, 574, 130, 0, NULL, 'CODAZZI', 'CESAR'),
(859, 15000, 4100, 7, 577, 130, 0, NULL, 'COPEY', 'CESAR'),
(860, 15000, 4100, 7, 585, 130, 0, NULL, 'CURUMANI', 'CESAR'),
(861, 15000, 4100, 7, 1265, 130, 0, NULL, 'EL COPEY', 'CESAR'),
(862, 15000, 4100, 7, 1266, 130, 0, NULL, 'EL PASO', 'CESAR'),
(863, 15000, 4100, 7, 614, 130, 0, NULL, 'GAMARRA', 'CESAR'),
(864, 15000, 4100, 7, 1268, 130, 0, NULL, 'GONZALEZ', 'CESAR'),
(865, 15000, 4100, 7, 1269, 130, 0, NULL, 'LA GLORIA', 'CESAR'),
(866, 15000, 4100, 7, 651, 130, 0, NULL, 'LA JAGUA DE IBIRICO', 'CESAR'),
(867, 15000, 4100, 7, 652, 130, 0, NULL, 'LA LOMA', 'CESAR'),
(868, 15000, 4100, 7, 654, 130, 0, NULL, 'LA PAZ', 'CESAR'),
(869, 15000, 4100, 7, 1272, 130, 0, NULL, 'MANAURE', 'CESAR'),
(870, 15000, 4100, 7, 703, 130, 0, NULL, 'PAILITAS', 'CESAR'),
(871, 15000, 4100, 7, 715, 130, 0, NULL, 'PELAYA', 'CESAR'),
(872, 15000, 4100, 7, 1275, 130, 0, NULL, 'PUEBLO BELLO', 'CESAR'),
(873, 15000, 4100, 7, 1276, 130, 0, NULL, 'RIO DE ORO', 'CESAR'),
(874, 15000, 4100, 7, 763, 130, 0, NULL, 'SAN ALBERTO', 'CESAR'),
(875, 15000, 4100, 7, 1278, 130, 0, NULL, 'SAN DIEGO', 'CESAR'),
(876, 15000, 4100, 7, 773, 130, 0, NULL, 'SAN MARTIN', 'CESAR'),
(877, 15000, 4100, 7, 1280, 130, 0, NULL, 'TAMALAMEQUE', 'CESAR'),
(878, 12000, 2000, 7, 832, 130, 0, NULL, 'VALLEDUPAR', 'CESAR'),
(879, 15000, 4100, 7, 1428, 148, 0, NULL, 'ACANDI', 'CHOCO'),
(880, 15000, 4100, 7, 1429, 148, 0, NULL, 'ALTO BAUDO', 'CHOCO'),
(881, 15000, 4100, 7, 1430, 148, 0, NULL, 'ATRATO', 'CHOCO'),
(882, 15000, 4100, 7, 1431, 148, 0, NULL, 'BAGADO', 'CHOCO'),
(883, 15000, 4100, 7, 1432, 148, 0, NULL, 'BAHIA SOLANO', 'CHOCO'),
(884, 15000, 4100, 7, 1433, 148, 0, NULL, 'BAJO BAUDO', 'CHOCO'),
(885, 15000, 4100, 7, 1434, 148, 0, NULL, 'BOJAYA', 'CHOCO'),
(886, 11500, 3500, 7, 558, 148, 0, NULL, 'CARMEN DEL DARIEN', 'CHOCO'),
(887, 15000, 4100, 7, 1436, 148, 0, NULL, 'CERTEGUI', 'CHOCO'),
(888, 15000, 4100, 7, 1437, 148, 0, NULL, 'CONDOTO', 'CHOCO'),
(889, 15000, 4100, 7, 1438, 148, 0, NULL, 'EL CANTON DEL SAN PABLO', 'CHOCO'),
(890, 15000, 4100, 7, 1439, 148, 0, NULL, 'EL CARMEN DE ATRATO', 'CHOCO'),
(891, 15000, 4100, 7, 1440, 148, 0, NULL, 'EL LITORAL DEL SAN JUAN', 'CHOCO'),
(892, 15000, 4100, 7, 640, 148, 0, NULL, 'ISTMINA', 'CHOCO'),
(893, 15000, 4100, 7, 1442, 148, 0, NULL, 'JURADO', 'CHOCO'),
(894, 15000, 4100, 7, 1443, 148, 0, NULL, 'LLORO', 'CHOCO'),
(895, 15000, 4100, 7, 1444, 148, 0, NULL, 'MEDIO ATRATO', 'CHOCO'),
(896, 15000, 4100, 7, 1445, 148, 0, NULL, 'MEDIO BAUDO', 'CHOCO'),
(897, 15000, 4100, 7, 1446, 148, 0, NULL, 'MEDIO SAN JUAN', 'CHOCO'),
(898, 15000, 4100, 7, 1447, 148, 0, NULL, 'NOVITA', 'CHOCO'),
(899, 15000, 4100, 7, 1448, 148, 0, NULL, 'NUQUI', 'CHOCO'),
(900, 15000, 4100, 7, 737, 148, 0, NULL, 'QUIBDO', 'CHOCO'),
(901, 15000, 4100, 7, 1450, 148, 0, NULL, 'RIO IRO', 'CHOCO'),
(902, 15000, 4100, 7, 1451, 148, 0, NULL, 'RIO QUITO', 'CHOCO'),
(903, 15000, 4100, 7, 1453, 148, 0, NULL, 'SAN JOSE DEL PALMAR', 'CHOCO'),
(904, 15000, 4100, 7, 1454, 148, 0, NULL, 'SIPI', 'CHOCO'),
(905, 15000, 4100, 7, 1455, 148, 0, NULL, 'TADO', 'CHOCO'),
(906, 15000, 4100, 7, 1456, 148, 0, NULL, 'UNGUIA', 'CHOCO'),
(907, 15000, 4100, 7, 1457, 148, 0, NULL, 'UNION PANAMERICANA', 'CHOCO'),
(908, 15000, 4100, 7, 1282, 149, 0, NULL, 'AYAPEL', 'CORDOBA'),
(909, 15000, 4100, 7, 1284, 149, 0, NULL, 'CANALETE', 'CORDOBA'),
(910, 15000, 4100, 7, 1285, 149, 0, NULL, 'CERETE', 'CORDOBA'),
(911, 15000, 4100, 7, 1286, 149, 0, NULL, 'CHIMA', 'CORDOBA'),
(912, 15000, 4100, 7, 1287, 149, 0, NULL, 'CHINU', 'CORDOBA'),
(913, 15000, 4100, 7, 1288, 149, 0, NULL, 'CIENAGA DE ORO', 'CORDOBA'),
(914, 15000, 4100, 7, 1289, 149, 0, NULL, 'COTORRA', 'CORDOBA'),
(915, 15000, 4100, 7, 1290, 149, 0, NULL, 'LA APARTADA', 'CORDOBA'),
(916, 15000, 4100, 7, 1291, 149, 0, NULL, 'LORICA', 'CORDOBA'),
(917, 15000, 4100, 7, 1292, 149, 0, NULL, 'LOS CORDOBAS', 'CORDOBA'),
(918, 15000, 4100, 7, 1293, 149, 0, NULL, 'MOMIL', 'CORDOBA'),
(919, 15000, 4100, 7, 1296, 149, 0, NULL, 'MOÑITOS', 'CORDOBA'),
(920, 15000, 4100, 7, 1294, 149, 0, NULL, 'MONTELIBANO', 'CORDOBA'),
(921, 12000, 2000, 7, 1295, 149, 0, NULL, 'MONTERIA', 'CORDOBA'),
(922, 12000, 2000, 7, 1297, 149, 0, NULL, 'PLANETA RICA', 'CORDOBA'),
(923, 15000, 4100, 7, 1299, 149, 0, NULL, 'PUERTO ESCONDIDO', 'CORDOBA'),
(924, 15000, 4100, 7, 1300, 149, 0, NULL, 'PUERTO LIBERTADOR', 'CORDOBA'),
(925, 15000, 4100, 7, 1301, 149, 0, NULL, 'PURISIMA', 'CORDOBA'),
(926, 12000, 2000, 7, 1302, 149, 0, NULL, 'SAHAGUN', 'CORDOBA'),
(927, 15000, 4100, 7, 1303, 149, 0, NULL, 'SAN ANDRES SOTAVENTO', 'CORDOBA'),
(928, 15000, 4100, 7, 1304, 149, 0, NULL, 'SAN ANTERO', 'CORDOBA'),
(929, 15000, 4100, 7, 1305, 149, 0, NULL, 'SAN BERNARDO DEL VIENTO', 'CORDOBA'),
(930, 15000, 4100, 7, 1306, 149, 0, NULL, 'SAN CARLOS', 'CORDOBA'),
(931, 15000, 4100, 7, 1307, 149, 0, NULL, 'SAN JOSE DE URE', 'CORDOBA'),
(932, 15000, 4100, 7, 1308, 149, 0, NULL, 'SAN PELAYO', 'CORDOBA'),
(933, 15000, 4100, 7, 1309, 149, 0, NULL, 'TIERRALTA', 'CORDOBA'),
(934, 15000, 4100, 7, 1310, 149, 0, NULL, 'TUCHIN', 'CORDOBA'),
(935, 15000, 4100, 7, 1311, 149, 0, NULL, 'VALENCIA', 'CORDOBA'),
(936, 15000, 4100, 7, 500, 129, 0, NULL, 'AGUA DE DIOS', 'CUNDINAMARCA'),
(937, 15000, 4100, 7, 1313, 129, 0, NULL, 'ALBAN', 'CUNDINAMARCA'),
(938, 15000, 4100, 7, 511, 129, 0, NULL, 'ANAPOIMA', 'CUNDINAMARCA'),
(939, 15000, 4100, 7, 514, 129, 0, NULL, 'ANOLAIMA', 'CUNDINAMARCA'),
(940, 15000, 4100, 7, 517, 129, 0, NULL, 'APULO', 'CUNDINAMARCA'),
(941, 15000, 4100, 7, 1317, 129, 0, NULL, 'ARBELAEZ', 'CUNDINAMARCA'),
(942, 15000, 4100, 7, 1318, 129, 0, NULL, 'BELTRAN', 'CUNDINAMARCA'),
(943, 15000, 4100, 7, 1319, 129, 0, NULL, 'BITUIMA', 'CUNDINAMARCA'),
(944, 15000, 4100, 7, 1320, 129, 0, NULL, 'BOJACA', 'CUNDINAMARCA'),
(945, 15000, 4100, 7, 1321, 129, 0, NULL, 'CABRERA', 'CUNDINAMARCA'),
(946, 15000, 4100, 7, 546, 129, 0, NULL, 'CACHIPAY', 'CUNDINAMARCA'),
(947, 12000, 2000, 7, 549, 129, 0, NULL, 'CAJICA', 'CUNDINAMARCA'),
(948, 15000, 4100, 7, 1324, 129, 0, NULL, 'CAPARRAPI', 'CUNDINAMARCA'),
(949, 15000, 4100, 7, 1325, 129, 0, NULL, 'CAQUEZA', 'CUNDINAMARCA'),
(950, 15000, 4100, 7, 1326, 129, 0, NULL, 'CARMEN DE CARUPA', 'CUNDINAMARCA'),
(951, 15000, 4100, 7, 1327, 129, 0, NULL, 'CHAGUANI', 'CUNDINAMARCA'),
(952, 12000, 2000, 7, 565, 129, 0, NULL, 'CHIA', 'CUNDINAMARCA'),
(953, 15000, 4100, 7, 1329, 129, 0, NULL, 'CHIPAQUE', 'CUNDINAMARCA'),
(954, 15000, 4100, 7, 1330, 129, 0, NULL, 'CHOACHI', 'CUNDINAMARCA'),
(955, 15000, 4100, 7, 570, 129, 0, NULL, 'CHOCONTA', 'CUNDINAMARCA'),
(956, 15000, 4100, 7, 1332, 129, 0, NULL, 'COGUA', 'CUNDINAMARCA'),
(957, 15000, 4100, 7, 579, 129, 0, NULL, 'COTA', 'CUNDINAMARCA'),
(958, 15000, 4100, 7, 1334, 129, 0, NULL, 'CUCUNUBA', 'CUNDINAMARCA'),
(959, 15000, 4100, 7, 1335, 129, 0, NULL, 'EL COLEGIO', 'CUNDINAMARCA'),
(960, 15000, 4100, 7, 1336, 129, 0, NULL, 'EL PEÑON', 'CUNDINAMARCA'),
(961, 15000, 4100, 7, 1337, 129, 0, NULL, 'EL ROSAL', 'CUNDINAMARCA'),
(962, 12000, 2000, 7, 600, 129, 0, NULL, 'FACATATIVA', 'CUNDINAMARCA'),
(963, 15000, 4100, 7, 605, 129, 0, NULL, 'FOMEQUE', 'CUNDINAMARCA'),
(964, 15000, 4100, 7, 1340, 129, 0, NULL, 'FOSCA', 'CUNDINAMARCA'),
(965, 12000, 2000, 7, 611, 129, 0, NULL, 'FUNZA', 'CUNDINAMARCA'),
(966, 15000, 4100, 7, 1342, 129, 0, NULL, 'FUQUENE', 'CUNDINAMARCA'),
(967, 14000, 4100, 7, 612, 129, 0, NULL, 'FUSAGASUGA', 'CUNDINAMARCA'),
(968, 15000, 4100, 7, 1344, 129, 0, NULL, 'GACHALA', 'CUNDINAMARCA'),
(969, 15000, 4100, 7, 1345, 129, 0, NULL, 'GACHANCIPA', 'CUNDINAMARCA'),
(970, 15000, 4100, 7, 1346, 129, 0, NULL, 'GACHETA', 'CUNDINAMARCA'),
(971, 15000, 4100, 7, 1347, 129, 0, NULL, 'GAMA', 'CUNDINAMARCA'),
(972, 14000, 4100, 7, 620, 129, 0, NULL, 'GIRARDOT', 'CUNDINAMARCA'),
(973, 15000, 4100, 7, 1350, 129, 0, NULL, 'GUACHETA', 'CUNDINAMARCA'),
(974, 15000, 4100, 7, 625, 129, 0, NULL, 'GUADUAS', 'CUNDINAMARCA'),
(975, 15000, 4100, 7, 630, 129, 0, NULL, 'GUASCA', 'CUNDINAMARCA'),
(976, 15000, 4100, 7, 1353, 129, 0, NULL, 'GUATAQUI', 'CUNDINAMARCA'),
(977, 15000, 4100, 7, 1354, 129, 0, NULL, 'GUATAVITA', 'CUNDINAMARCA'),
(978, 15000, 4100, 7, 1355, 129, 0, NULL, 'GUAYABAL DE SIQUIMA', 'CUNDINAMARCA'),
(979, 15000, 4100, 7, 1356, 129, 0, NULL, 'GUAYABETAL', 'CUNDINAMARCA'),
(980, 15000, 4100, 7, 1357, 129, 0, NULL, 'GUTIERREZ', 'CUNDINAMARCA'),
(981, 15000, 4100, 7, 1358, 129, 0, NULL, 'JERUSALEN', 'CUNDINAMARCA'),
(982, 15000, 4100, 7, 1359, 129, 0, NULL, 'JUNIN', 'CUNDINAMARCA'),
(983, 12000, 2000, 7, 646, 129, 0, NULL, 'LA CALERA', 'CUNDINAMARCA'),
(984, 15000, 4100, 7, 653, 129, 0, NULL, 'LA MESA', 'CUNDINAMARCA'),
(985, 15000, 4100, 7, 1362, 129, 0, NULL, 'LA PALMA', 'CUNDINAMARCA'),
(986, 15000, 4100, 7, 1363, 129, 0, NULL, 'LA PEÑA', 'CUNDINAMARCA'),
(987, 15000, 4100, 7, 661, 129, 0, NULL, 'LA VEGA', 'CUNDINAMARCA'),
(988, 15000, 4100, 7, 1365, 129, 0, NULL, 'LENGUAZAQUE', 'CUNDINAMARCA'),
(989, 15000, 4100, 7, 1366, 129, 0, NULL, 'MACHETA', 'CUNDINAMARCA'),
(990, 15000, 4100, 7, 667, 129, 0, NULL, 'MADRID', 'CUNDINAMARCA'),
(991, 15000, 4100, 7, 1368, 129, 0, NULL, 'MANTA', 'CUNDINAMARCA'),
(992, 15000, 4100, 7, 1369, 129, 0, NULL, 'MEDINA', 'CUNDINAMARCA'),
(993, 15000, 4100, 7, 679, 129, 0, NULL, 'MESITAS DEL COLEGIO', 'CUNDINAMARCA'),
(994, 15000, 4100, 7, 689, 129, 0, NULL, 'MOSQUERA', 'CUNDINAMARCA'),
(995, 15000, 4100, 7, 1371, 129, 0, NULL, 'NARIÑO', 'CUNDINAMARCA'),
(996, 15000, 4100, 7, 1372, 129, 0, NULL, 'NEMOCON', 'CUNDINAMARCA'),
(997, 15000, 4100, 7, 1373, 129, 0, NULL, 'NILO', 'CUNDINAMARCA'),
(998, 15000, 4100, 7, 1374, 129, 0, NULL, 'NIMAIMA', 'CUNDINAMARCA'),
(999, 15000, 4100, 7, 1375, 129, 0, NULL, 'NOCAIMA', 'CUNDINAMARCA'),
(1000, 15000, 4100, 7, 1376, 129, 0, NULL, 'PACHO', 'CUNDINAMARCA'),
(1001, 15000, 4100, 7, 1377, 129, 0, NULL, 'PAIME', 'CUNDINAMARCA'),
(1002, 15000, 4100, 7, 1378, 129, 0, NULL, 'PANDI', 'CUNDINAMARCA'),
(1003, 15000, 4100, 7, 710, 129, 0, NULL, 'PARATEBUENO', 'CUNDINAMARCA'),
(1004, 15000, 4100, 7, 1380, 129, 0, NULL, 'PASCA', 'CUNDINAMARCA'),
(1005, 15000, 4100, 7, 733, 129, 0, NULL, 'PUERTO SALGAR', 'CUNDINAMARCA'),
(1006, 15000, 4100, 7, 1382, 129, 0, NULL, 'PULI', 'CUNDINAMARCA'),
(1007, 15000, 4100, 7, 1383, 129, 0, NULL, 'QUEBRADANEGRA', 'CUNDINAMARCA'),
(1008, 15000, 4100, 7, 1384, 129, 0, NULL, 'QUETAME', 'CUNDINAMARCA'),
(1009, 15000, 4100, 7, 1385, 129, 0, NULL, 'QUIPILE', 'CUNDINAMARCA'),
(1010, 15000, 4100, 7, 1387, 129, 0, NULL, 'SAN ANTONIO DEL TEQUENDAMA', 'CUNDINAMARCA'),
(1011, 15000, 4100, 7, 1388, 129, 0, NULL, 'SAN BERNARDO', 'CUNDINAMARCA'),
(1012, 15000, 4100, 7, 1389, 129, 0, NULL, 'SAN CAYETANO', 'CUNDINAMARCA'),
(1013, 15000, 4100, 7, 1390, 129, 0, NULL, 'SAN FRANCISCO', 'CUNDINAMARCA'),
(1014, 15000, 4100, 7, 1391, 129, 0, NULL, 'SAN JUAN DE RIO SECO', 'CUNDINAMARCA'),
(1015, 15000, 4100, 7, 793, 129, 0, NULL, 'SASAIMA', 'CUNDINAMARCA'),
(1016, 15000, 4100, 7, 1393, 129, 0, NULL, 'SESQUILE', 'CUNDINAMARCA'),
(1017, 15000, 4100, 7, 795, 129, 0, NULL, 'SIBATE', 'CUNDINAMARCA'),
(1018, 15000, 4100, 7, 797, 129, 0, NULL, 'SILVANIA', 'CUNDINAMARCA'),
(1019, 15000, 4100, 7, 798, 129, 0, NULL, 'SIMIJACA', 'CUNDINAMARCA'),
(1020, 15000, 4100, 7, 800, 129, 0, NULL, 'SOACHA', 'CUNDINAMARCA'),
(1021, 11500, 3500, 7, 807, 129, 0, NULL, 'SOPO', 'CUNDINAMARCA'),
(1022, 15000, 4100, 7, 809, 129, 0, NULL, 'SUBACHOQUE', 'CUNDINAMARCA'),
(1023, 15000, 4100, 7, 1400, 129, 0, NULL, 'SUESCA', 'CUNDINAMARCA'),
(1024, 15000, 4100, 7, 1401, 129, 0, NULL, 'SUPATA', 'CUNDINAMARCA'),
(1025, 15000, 4100, 7, 1402, 129, 0, NULL, 'SUSA', 'CUNDINAMARCA'),
(1026, 15000, 4100, 7, 1403, 129, 0, NULL, 'SUTATAUSA', 'CUNDINAMARCA'),
(1027, 15000, 4100, 7, 812, 129, 0, NULL, 'TABIO', 'CUNDINAMARCA'),
(1028, 15000, 4100, 7, 1405, 129, 0, NULL, 'TAUSA', 'CUNDINAMARCA'),
(1029, 15000, 4100, 7, 1406, 129, 0, NULL, 'TENA', 'CUNDINAMARCA'),
(1030, 15000, 4100, 7, 1407, 129, 0, NULL, 'TENJO', 'CUNDINAMARCA'),
(1031, 15000, 4100, 7, 1408, 129, 0, NULL, 'TIBACUY', 'CUNDINAMARCA'),
(1032, 15000, 4100, 7, 1409, 129, 0, NULL, 'TIBIRITA', 'CUNDINAMARCA'),
(1033, 15000, 4100, 7, 819, 129, 0, NULL, 'TOCAIMA', 'CUNDINAMARCA'),
(1034, 15000, 4100, 7, 820, 129, 0, NULL, 'TOCANCIPA', 'CUNDINAMARCA'),
(1035, 15000, 4100, 7, 1412, 129, 0, NULL, 'TOPAIPI', 'CUNDINAMARCA'),
(1036, 15000, 4100, 7, 1413, 129, 0, NULL, 'UBALA', 'CUNDINAMARCA'),
(1037, 15000, 4100, 7, 1414, 129, 0, NULL, 'UBAQUE', 'CUNDINAMARCA');
INSERT INTO `campania_regiones_wdsl` (`idcampania_regiones_wdsl`, `precio`, `precio_extra`, `id`, `idProvince`, `idState`, `estatus`, `ip`, `procince_name`, `state_name`) VALUES
(1038, 15000, 4100, 7, 830, 129, 0, NULL, 'UBATE', 'CUNDINAMARCA'),
(1039, 15000, 4100, 7, 1415, 129, 0, NULL, 'UNE', 'CUNDINAMARCA'),
(1040, 15000, 4100, 7, 1416, 129, 0, NULL, 'UTICA', 'CUNDINAMARCA'),
(1041, 15000, 4100, 7, 1417, 129, 0, NULL, 'VENECIA', 'CUNDINAMARCA'),
(1042, 15000, 4100, 7, 1418, 129, 0, NULL, 'VERGARA', 'CUNDINAMARCA'),
(1043, 15000, 4100, 7, 835, 129, 0, NULL, 'VIANI', 'CUNDINAMARCA'),
(1044, 15000, 4100, 7, 1420, 129, 0, NULL, 'VILLA DE SAN DIEGO DE UBATE', 'CUNDINAMARCA'),
(1045, 15000, 4100, 7, 1421, 129, 0, NULL, 'VILLAGOMEZ', 'CUNDINAMARCA'),
(1046, 15000, 4100, 7, 843, 129, 0, NULL, 'VILLAPINZON', 'CUNDINAMARCA'),
(1047, 15000, 4100, 7, 846, 129, 0, NULL, 'VILLETA', 'CUNDINAMARCA'),
(1048, 15000, 4100, 7, 1424, 129, 0, NULL, 'VIOTA', 'CUNDINAMARCA'),
(1049, 15000, 4100, 7, 1425, 129, 0, NULL, 'YACOPI', 'CUNDINAMARCA'),
(1050, 15000, 4100, 7, 1426, 129, 0, NULL, 'ZIPACON', 'CUNDINAMARCA'),
(1051, 15000, 4100, 7, 853, 129, 0, NULL, 'ZIPAQUIRA', 'CUNDINAMARCA'),
(1052, 15000, 4100, 7, 1951, 188, 0, NULL, 'BARRANCO MINAS', 'GUAINIA'),
(1053, 15000, 4100, 7, 1952, 188, 0, NULL, 'CACAHUAL', 'GUAINIA'),
(1054, 15000, 4100, 7, 1953, 188, 0, NULL, 'GUADALUPE', 'GUAINIA'),
(1055, 15000, 4100, 7, 1954, 188, 0, NULL, 'INIRIDA', 'GUAINIA'),
(1056, 15000, 4100, 7, 1955, 188, 0, NULL, 'MAPIRIPANA', 'GUAINIA'),
(1057, 15000, 4100, 7, 1956, 188, 0, NULL, 'MORICHAL', 'GUAINIA'),
(1058, 15000, 4100, 7, 1957, 188, 0, NULL, 'PANA PANA', 'GUAINIA'),
(1059, 7500, 2000, 7, 1958, 188, 0, NULL, 'PUERTO COLOMBIA', 'GUAINIA'),
(1060, 15000, 4100, 7, 1959, 188, 0, NULL, 'SAN FELIPE', 'GUAINIA'),
(1061, 15000, 4100, 7, 505, 134, 0, NULL, 'ALBANIA', 'GUAJIRA'),
(1062, 15000, 4100, 7, 533, 134, 0, NULL, 'BARRANCAS', 'GUAJIRA'),
(1063, 15000, 4100, 7, 1497, 134, 0, NULL, 'DIBULLA', 'GUAJIRA'),
(1064, 15000, 4100, 7, 588, 134, 0, NULL, 'DISTRACCION', 'GUAJIRA'),
(1065, 15000, 4100, 7, 1499, 134, 0, NULL, 'EL MOLINO', 'GUAJIRA'),
(1066, 15000, 4100, 7, 606, 134, 0, NULL, 'FONSECA', 'GUAJIRA'),
(1067, 15000, 4100, 7, 634, 134, 0, NULL, 'HATO NUEVO', 'GUAJIRA'),
(1068, 15000, 4100, 7, 1501, 134, 0, NULL, 'HATONUEVO', 'GUAJIRA'),
(1069, 15000, 4100, 7, 1502, 134, 0, NULL, 'LA JAGUA DEL PILAR', 'GUAJIRA'),
(1070, 12000, 2000, 7, 669, 134, 0, NULL, 'MAICAO', 'GUAJIRA'),
(1071, 15000, 4100, 7, 1504, 134, 0, NULL, 'MANAURE', 'GUAJIRA'),
(1072, 15000, 4100, 7, 680, 134, 0, NULL, 'MINGUEO', 'GUAJIRA'),
(1073, 15000, 4100, 7, 745, 134, 0, NULL, 'RIOHACHA', 'GUAJIRA'),
(1074, 15000, 4100, 7, 770, 134, 0, NULL, 'SAN JUAN DEL CESAR', 'GUAJIRA'),
(1075, 15000, 4100, 7, 1507, 134, 0, NULL, 'URIBIA', 'GUAJIRA'),
(1076, 15000, 4100, 7, 831, 134, 0, NULL, 'URUMITA', 'GUAJIRA'),
(1077, 15000, 4100, 7, 839, 134, 0, NULL, 'VILLA NUEVA', 'GUAJIRA'),
(1078, 15000, 4100, 7, 1960, 158, 0, NULL, 'CALAMAR', 'GUAVIARE'),
(1079, 15000, 4100, 7, 1961, 158, 0, NULL, 'EL RETORNO', 'GUAVIARE'),
(1080, 31500, 6000, 7, 768, 158, 0, NULL, 'SAN JOSE DEL GUAVIARE', 'GUAVIARE'),
(1081, 15000, 4100, 7, 1458, 133, 0, NULL, 'ACEVEDO', 'HUILA'),
(1082, 15000, 4100, 7, 1459, 133, 0, NULL, 'AGRADO', 'HUILA'),
(1083, 15000, 4100, 7, 504, 133, 0, NULL, 'AIPE', 'HUILA'),
(1084, 15000, 4100, 7, 1461, 133, 0, NULL, 'ALGECIRAS', 'HUILA'),
(1085, 15000, 4100, 7, 1462, 133, 0, NULL, 'ALTAMIRA', 'HUILA'),
(1086, 15000, 4100, 7, 1463, 133, 0, NULL, 'BARAYA', 'HUILA'),
(1087, 15000, 4100, 7, 553, 133, 0, NULL, 'CAMPOALEGRE', 'HUILA'),
(1088, 15000, 4100, 7, 1465, 133, 0, NULL, 'COLOMBIA', 'HUILA'),
(1089, 15000, 4100, 7, 1466, 133, 0, NULL, 'ELIAS', 'HUILA'),
(1090, 15000, 4100, 7, 616, 133, 0, NULL, 'GARZON', 'HUILA'),
(1091, 15000, 4100, 7, 617, 133, 0, NULL, 'GIGANTE', 'HUILA'),
(1092, 15000, 4100, 7, 624, 133, 0, NULL, 'GUADALUPE', 'HUILA'),
(1093, 15000, 4100, 7, 636, 133, 0, NULL, 'HOBO', 'HUILA'),
(1094, 15000, 4100, 7, 1471, 133, 0, NULL, 'IQUIRA', 'HUILA'),
(1095, 15000, 4100, 7, 1472, 133, 0, NULL, 'ISNOS', 'HUILA'),
(1096, 15000, 4100, 7, 1473, 133, 0, NULL, 'LA ARGENTINA', 'HUILA'),
(1097, 15000, 4100, 7, 655, 133, 0, NULL, 'LA PLATA', 'HUILA'),
(1098, 15000, 4100, 7, 1475, 133, 0, NULL, 'NATAGA', 'HUILA'),
(1099, 11500, 3500, 7, 694, 133, 0, NULL, 'NEIVA', 'HUILA'),
(1100, 15000, 4100, 7, 1477, 133, 0, NULL, 'OPORAPA', 'HUILA'),
(1101, 15000, 4100, 7, 1478, 133, 0, NULL, 'PAICOL', 'HUILA'),
(1102, 15000, 4100, 7, 705, 133, 0, NULL, 'PALERMO', 'HUILA'),
(1103, 15000, 4100, 7, 1481, 133, 0, NULL, 'PITAL', 'HUILA'),
(1104, 14000, 4100, 7, 720, 133, 0, NULL, 'PITALITO', 'HUILA'),
(1105, 15000, 4100, 7, 750, 133, 0, NULL, 'RIVERA', 'HUILA'),
(1106, 15000, 4100, 7, 1484, 133, 0, NULL, 'SALADOBLANCO', 'HUILA'),
(1107, 15000, 4100, 7, 762, 133, 0, NULL, 'SAN AGUSTIN', 'HUILA'),
(1108, 15000, 4100, 7, 782, 133, 0, NULL, 'SANTA MARIA', 'HUILA'),
(1109, 15000, 4100, 7, 1487, 133, 0, NULL, 'SUAZA', 'HUILA'),
(1110, 15000, 4100, 7, 1488, 133, 0, NULL, 'TARQUI', 'HUILA'),
(1111, 15000, 4100, 7, 1489, 133, 0, NULL, 'TELLO', 'HUILA'),
(1112, 15000, 4100, 7, 1490, 133, 0, NULL, 'TERUEL', 'HUILA'),
(1113, 15000, 4100, 7, 1491, 133, 0, NULL, 'TESALIA', 'HUILA'),
(1114, 15000, 4100, 7, 818, 133, 0, NULL, 'TIMANA', 'HUILA'),
(1115, 15000, 4100, 7, 1493, 133, 0, NULL, 'VILLAVIEJA', 'HUILA'),
(1116, 15000, 4100, 7, 1494, 133, 0, NULL, 'YAGUARA', 'HUILA'),
(1117, 15000, 4100, 7, 1511, 140, 0, NULL, 'ALGARROBO', 'MAGDALENA'),
(1118, 7500, 3500, 7, 519, 140, 0, NULL, 'ARACATACA', 'MAGDALENA'),
(1119, 15000, 4100, 7, 1513, 140, 0, NULL, 'ARIGUANI', 'MAGDALENA'),
(1120, 15000, 4100, 7, 1514, 140, 0, NULL, 'CERRO SAN ANTONIO', 'MAGDALENA'),
(1121, 15000, 4100, 7, 1515, 140, 0, NULL, 'CHIBOLO', 'MAGDALENA'),
(1122, 7500, 2000, 7, 571, 140, 0, NULL, 'CIENAGA', 'MAGDALENA'),
(1123, 15000, 4100, 7, 1517, 140, 0, NULL, 'CONCORDIA', 'MAGDALENA'),
(1124, 15000, 4100, 7, 592, 140, 0, NULL, 'EL BANCO', 'MAGDALENA'),
(1125, 15000, 4100, 7, 595, 140, 0, NULL, 'EL DIFICIL', 'MAGDALENA'),
(1126, 15000, 4100, 7, 1519, 140, 0, NULL, 'EL PIÑON', 'MAGDALENA'),
(1127, 15000, 4100, 7, 1520, 140, 0, NULL, 'EL RETEN', 'MAGDALENA'),
(1128, 12000, 2000, 7, 610, 140, 0, NULL, 'FUNDACION', 'MAGDALENA'),
(1129, 15000, 4100, 7, 626, 140, 0, NULL, 'GUAMAL', 'MAGDALENA'),
(1130, 15000, 4100, 7, 1523, 140, 0, NULL, 'NUEVA GRANADA', 'MAGDALENA'),
(1131, 15000, 4100, 7, 1524, 140, 0, NULL, 'PEDRAZA', 'MAGDALENA'),
(1132, 15000, 4100, 7, 1525, 140, 0, NULL, 'PIJIÑO DEL CARMEN', 'MAGDALENA'),
(1133, 15000, 4100, 7, 721, 140, 0, NULL, 'PIVIJAY', 'MAGDALENA'),
(1134, 15000, 4100, 7, 722, 140, 0, NULL, 'PLATO', 'MAGDALENA'),
(1135, 15000, 4100, 7, 726, 140, 0, NULL, 'PUEBLO NUEVO', 'MAGDALENA'),
(1136, 15000, 4100, 7, 1528, 140, 0, NULL, 'PUEBLOVIEJO', 'MAGDALENA'),
(1137, 15000, 4100, 7, 1529, 140, 0, NULL, 'REMOLINO', 'MAGDALENA'),
(1138, 15000, 4100, 7, 1530, 140, 0, NULL, 'SABANAS DE SAN ANGEL', 'MAGDALENA'),
(1139, 15000, 4100, 7, 1532, 140, 0, NULL, 'SAN SEBASTIAN DE BUENAVISTA', 'MAGDALENA'),
(1140, 15000, 4100, 7, 1533, 140, 0, NULL, 'SAN ZENON', 'MAGDALENA'),
(1141, 15000, 4100, 7, 1534, 140, 0, NULL, 'SANTA ANA', 'MAGDALENA'),
(1142, 15000, 4100, 7, 1535, 140, 0, NULL, 'SANTA BARBARA DE PINTO', 'MAGDALENA'),
(1143, 7500, 2000, 7, 783, 140, 0, NULL, 'SANTA MARTA', 'MAGDALENA'),
(1144, 15000, 4100, 7, 1536, 140, 0, NULL, 'SITIONUEVO', 'MAGDALENA'),
(1145, 15000, 4100, 7, 1537, 140, 0, NULL, 'TENERIFE', 'MAGDALENA'),
(1146, 15000, 4100, 7, 1538, 140, 0, NULL, 'ZAPAYAN', 'MAGDALENA'),
(1147, 15000, 4100, 7, 1539, 140, 0, NULL, 'ZONA BANANERA', 'MAGDALENA'),
(1148, 15000, 4100, 7, 1540, 146, 0, NULL, 'ACACIAS', 'META'),
(1149, 15000, 4100, 7, 531, 146, 0, NULL, 'BARRANCA DE UPIA', 'META'),
(1150, 15000, 4100, 7, 1542, 146, 0, NULL, 'CABUYARO', 'META'),
(1151, 15000, 4100, 7, 1543, 146, 0, NULL, 'CASTILLA LA NUEVA', 'META'),
(1152, 15000, 4100, 7, 1544, 146, 0, NULL, 'CUBARRAL', 'META'),
(1153, 15000, 4100, 7, 583, 146, 0, NULL, 'CUMARAL', 'META'),
(1154, 15000, 4100, 7, 1546, 146, 0, NULL, 'EL CALVARIO', 'META'),
(1155, 15000, 4100, 7, 1547, 146, 0, NULL, 'EL CASTILLO', 'META'),
(1156, 15000, 4100, 7, 1548, 146, 0, NULL, 'EL DORADO', 'META'),
(1157, 15000, 4100, 7, 1549, 146, 0, NULL, 'FUENTE DE ORO', 'META'),
(1158, 15000, 4100, 7, 622, 146, 0, NULL, 'GRANADA', 'META'),
(1159, 15000, 4100, 7, 627, 146, 0, NULL, 'GUAMAL', 'META'),
(1160, 15000, 4100, 7, 1552, 146, 0, NULL, 'LA MACARENA', 'META'),
(1161, 15000, 4100, 7, 1553, 146, 0, NULL, 'LEJANIAS', 'META'),
(1162, 15000, 4100, 7, 1554, 146, 0, NULL, 'MAPIRIPAN', 'META'),
(1163, 15000, 4100, 7, 1555, 146, 0, NULL, 'MESETAS', 'META'),
(1164, 15000, 4100, 7, 1556, 146, 0, NULL, 'PUERTO CONCORDIA', 'META'),
(1165, 15000, 4100, 7, 1557, 146, 0, NULL, 'PUERTO GAITAN', 'META'),
(1166, 15000, 4100, 7, 1558, 146, 0, NULL, 'PUERTO LLERAS', 'META'),
(1167, 15000, 4100, 7, 732, 146, 0, NULL, 'PUERTO LOPEZ', 'META'),
(1168, 15000, 4100, 7, 1560, 146, 0, NULL, 'PUERTO RICO', 'META'),
(1169, 15000, 4100, 7, 741, 146, 0, NULL, 'RESTREPO', 'META'),
(1170, 15000, 4100, 7, 1562, 146, 0, NULL, 'SAN CARLOS DE GUAROA', 'META'),
(1171, 15000, 4100, 7, 1563, 146, 0, NULL, 'SAN JUAN DE ARAMA', 'META'),
(1172, 15000, 4100, 7, 1564, 146, 0, NULL, 'SAN JUANITO', 'META'),
(1173, 15000, 4100, 7, 774, 146, 0, NULL, 'SAN MARTIN', 'META'),
(1174, 15000, 4100, 7, 1566, 146, 0, NULL, 'URIBE', 'META'),
(1175, 12000, 2000, 7, 845, 146, 0, NULL, 'VILLAVICENCIO', 'META'),
(1176, 15000, 4100, 7, 1568, 146, 0, NULL, 'VISTAHERMOSA', 'META'),
(1177, 15000, 4100, 7, 1569, 138, 0, NULL, 'ALDANA', 'NARIÑO'),
(1178, 15000, 4100, 7, 512, 138, 0, NULL, 'ANCUYA', 'NARIÑO'),
(1179, 15000, 4100, 7, 1571, 138, 0, NULL, 'ARBOLEDA - BERRUECOS', 'NARIÑO'),
(1180, 15000, 4100, 7, 1572, 138, 0, NULL, 'BARBACOAS', 'NARIÑO'),
(1181, 15000, 4100, 7, 1574, 138, 0, NULL, 'BUESACO', 'NARIÑO'),
(1182, 15000, 4100, 7, 562, 138, 0, NULL, 'CHACHAGUI', 'NARIÑO'),
(1183, 15000, 4100, 7, 1576, 138, 0, NULL, 'COLON', 'NARIÑO'),
(1184, 15000, 4100, 7, 575, 138, 0, NULL, 'CONSACA', 'NARIÑO'),
(1185, 15000, 4100, 7, 1578, 138, 0, NULL, 'CONTADERO', 'NARIÑO'),
(1186, 15000, 4100, 7, 1579, 138, 0, NULL, 'CORDOBA', 'NARIÑO'),
(1187, 15000, 4100, 7, 1580, 138, 0, NULL, 'CUASPUD', 'NARIÑO'),
(1188, 15000, 4100, 7, 1581, 138, 0, NULL, 'CUMBAL', 'NARIÑO'),
(1189, 15000, 4100, 7, 1582, 138, 0, NULL, 'CUMBITARA', 'NARIÑO'),
(1190, 15000, 4100, 7, 1583, 138, 0, NULL, 'EL CHARCO', 'NARIÑO'),
(1191, 15000, 4100, 7, 1584, 138, 0, NULL, 'EL PEÑOL', 'NARIÑO'),
(1192, 15000, 4100, 7, 1585, 138, 0, NULL, 'EL ROSARIO', 'NARIÑO'),
(1193, 15000, 4100, 7, 1586, 138, 0, NULL, 'EL TABLON DE GOMEZ', 'NARIÑO'),
(1194, 15000, 4100, 7, 1587, 138, 0, NULL, 'EL TAMBO', 'NARIÑO'),
(1195, 15000, 4100, 7, 1588, 138, 0, NULL, 'FRANCISCO PIZARRO', 'NARIÑO'),
(1196, 15000, 4100, 7, 1589, 138, 0, NULL, 'FUNES', 'NARIÑO'),
(1197, 15000, 4100, 7, 1590, 138, 0, NULL, 'GUACHUCAL', 'NARIÑO'),
(1198, 15000, 4100, 7, 1591, 138, 0, NULL, 'GUAITARILLA', 'NARIÑO'),
(1199, 15000, 4100, 7, 1592, 138, 0, NULL, 'GUALMATAN', 'NARIÑO'),
(1200, 15000, 4100, 7, 1593, 138, 0, NULL, 'ILES', 'NARIÑO'),
(1201, 15000, 4100, 7, 1594, 138, 0, NULL, 'IMUES', 'NARIÑO'),
(1202, 14000, 4100, 7, 639, 138, 0, NULL, 'IPIALES', 'NARIÑO'),
(1203, 15000, 4100, 7, 648, 138, 0, NULL, 'LA CRUZ', 'NARIÑO'),
(1204, 15000, 4100, 7, 1597, 138, 0, NULL, 'LA FLORIDA', 'NARIÑO'),
(1205, 15000, 4100, 7, 1598, 138, 0, NULL, 'LA LLANADA', 'NARIÑO'),
(1206, 15000, 4100, 7, 1599, 138, 0, NULL, 'LA TOLA', 'NARIÑO'),
(1207, 15000, 4100, 7, 659, 138, 0, NULL, 'LA UNION', 'NARIÑO'),
(1208, 15000, 4100, 7, 1601, 138, 0, NULL, 'LEIVA', 'NARIÑO'),
(1209, 15000, 4100, 7, 1602, 138, 0, NULL, 'LINARES', 'NARIÑO'),
(1210, 15000, 4100, 7, 1603, 138, 0, NULL, 'LOS ANDES', 'NARIÑO'),
(1211, 15000, 4100, 7, 1604, 138, 0, NULL, 'MAGÜI', 'NARIÑO'),
(1212, 15000, 4100, 7, 1605, 138, 0, NULL, 'MALLAMA', 'NARIÑO'),
(1213, 15000, 4100, 7, 1607, 138, 0, NULL, 'NARIÑO', 'NARIÑO'),
(1214, 15000, 4100, 7, 1608, 138, 0, NULL, 'OLAYA HERRERA', 'NARIÑO'),
(1215, 15000, 4100, 7, 1609, 138, 0, NULL, 'OSPINA', 'NARIÑO'),
(1216, 14000, 4100, 7, 712, 138, 0, NULL, 'PASTO', 'NARIÑO'),
(1217, 15000, 4100, 7, 1611, 138, 0, NULL, 'POLICARPA', 'NARIÑO'),
(1218, 15000, 4100, 7, 1612, 138, 0, NULL, 'POTOSI', 'NARIÑO'),
(1219, 31500, 6000, 7, 1613, 138, 0, NULL, 'PROVIDENCIA', 'NARIÑO'),
(1220, 15000, 4100, 7, 1614, 138, 0, NULL, 'PUERRES', 'NARIÑO'),
(1221, 15000, 4100, 7, 1615, 138, 0, NULL, 'PUPIALES', 'NARIÑO'),
(1222, 15000, 4100, 7, 743, 138, 0, NULL, 'RICAURTE', 'NARIÑO'),
(1223, 15000, 4100, 7, 1617, 138, 0, NULL, 'ROBERTO PAYAN', 'NARIÑO'),
(1224, 15000, 4100, 7, 760, 138, 0, NULL, 'SAMANIEGO', 'NARIÑO'),
(1225, 15000, 4100, 7, 1619, 138, 0, NULL, 'SAN ANDRES DE TUMACO', 'NARIÑO'),
(1226, 15000, 4100, 7, 1620, 138, 0, NULL, 'SAN BERNARDO', 'NARIÑO'),
(1227, 15000, 4100, 7, 1621, 138, 0, NULL, 'SAN JOSE DE ALBAN', 'NARIÑO'),
(1228, 15000, 4100, 7, 1622, 138, 0, NULL, 'SAN LORENZO', 'NARIÑO'),
(1229, 15000, 4100, 7, 1623, 138, 0, NULL, 'SAN PABLO', 'NARIÑO'),
(1230, 15000, 4100, 7, 1624, 138, 0, NULL, 'SAN PEDRO DE CARTAGO', 'NARIÑO'),
(1231, 15000, 4100, 7, 780, 138, 0, NULL, 'SANDONA', 'NARIÑO'),
(1232, 15000, 4100, 7, 1626, 138, 0, NULL, 'SANTA BARBARA', 'NARIÑO'),
(1233, 15000, 4100, 7, 1627, 138, 0, NULL, 'SANTACRUZ', 'NARIÑO'),
(1234, 15000, 4100, 7, 1628, 138, 0, NULL, 'SAPUYES', 'NARIÑO'),
(1235, 15000, 4100, 7, 1629, 138, 0, NULL, 'TAMINANGO', 'NARIÑO'),
(1236, 15000, 4100, 7, 1630, 138, 0, NULL, 'TANGUA', 'NARIÑO'),
(1237, 15000, 4100, 7, 824, 138, 0, NULL, 'TUMACO', 'NARIÑO'),
(1238, 15000, 4100, 7, 826, 138, 0, NULL, 'TUQUERRES', 'NARIÑO'),
(1239, 15000, 4100, 7, 847, 138, 0, NULL, 'YACUANQUER', 'NARIÑO'),
(1240, 15000, 4100, 7, 1633, 151, 0, NULL, 'ABREGO', 'NORTE DE SANTANDER'),
(1241, 15000, 4100, 7, 1634, 151, 0, NULL, 'ARBOLEDAS', 'NORTE DE SANTANDER'),
(1242, 15000, 4100, 7, 1635, 151, 0, NULL, 'BOCHALEMA', 'NORTE DE SANTANDER'),
(1243, 15000, 4100, 7, 1636, 151, 0, NULL, 'BUCARASICA', 'NORTE DE SANTANDER'),
(1244, 15000, 4100, 7, 1637, 151, 0, NULL, 'CACHIRA', 'NORTE DE SANTANDER'),
(1245, 15000, 4100, 7, 1638, 151, 0, NULL, 'CACOTA', 'NORTE DE SANTANDER'),
(1246, 15000, 4100, 7, 1639, 151, 0, NULL, 'CHINACOTA', 'NORTE DE SANTANDER'),
(1247, 15000, 4100, 7, 1640, 151, 0, NULL, 'CHITAGA', 'NORTE DE SANTANDER'),
(1248, 15000, 4100, 7, 1641, 151, 0, NULL, 'CONVENCION', 'NORTE DE SANTANDER'),
(1249, 15000, 4100, 7, 582, 151, 0, NULL, 'CUCUTA', 'NORTE DE SANTANDER'),
(1250, 15000, 4100, 7, 1643, 151, 0, NULL, 'CUCUTILLA', 'NORTE DE SANTANDER'),
(1251, 15000, 4100, 7, 1644, 151, 0, NULL, 'DURANIA', 'NORTE DE SANTANDER'),
(1252, 15000, 4100, 7, 1645, 151, 0, NULL, 'EL CARMEN', 'NORTE DE SANTANDER'),
(1253, 15000, 4100, 7, 1646, 151, 0, NULL, 'EL TARRA', 'NORTE DE SANTANDER'),
(1254, 15000, 4100, 7, 1647, 151, 0, NULL, 'EL ZULIA', 'NORTE DE SANTANDER'),
(1255, 15000, 4100, 7, 1648, 151, 0, NULL, 'GRAMALOTE', 'NORTE DE SANTANDER'),
(1256, 15000, 4100, 7, 1649, 151, 0, NULL, 'HACARI', 'NORTE DE SANTANDER'),
(1257, 15000, 4100, 7, 1650, 151, 0, NULL, 'HERRAN', 'NORTE DE SANTANDER'),
(1258, 15000, 4100, 7, 1651, 151, 0, NULL, 'LA ESPERANZA', 'NORTE DE SANTANDER'),
(1259, 15000, 4100, 7, 1652, 151, 0, NULL, 'LA PLAYA', 'NORTE DE SANTANDER'),
(1260, 15000, 4100, 7, 1653, 151, 0, NULL, 'LABATECA', 'NORTE DE SANTANDER'),
(1261, 15000, 4100, 7, 666, 151, 0, NULL, 'LOS PATIOS', 'NORTE DE SANTANDER'),
(1262, 15000, 4100, 7, 1655, 151, 0, NULL, 'LOURDES', 'NORTE DE SANTANDER'),
(1263, 15000, 4100, 7, 1656, 151, 0, NULL, 'MUTISCUA', 'NORTE DE SANTANDER'),
(1264, 15000, 4100, 7, 697, 151, 0, NULL, 'OCAÑA', 'NORTE DE SANTANDER'),
(1265, 15000, 4100, 7, 709, 151, 0, NULL, 'PAMPLONA', 'NORTE DE SANTANDER'),
(1266, 15000, 4100, 7, 1659, 151, 0, NULL, 'PAMPLONITA', 'NORTE DE SANTANDER'),
(1267, 15000, 4100, 7, 1660, 151, 0, NULL, 'PUERTO SANTANDER', 'NORTE DE SANTANDER'),
(1268, 15000, 4100, 7, 1661, 151, 0, NULL, 'RAGONVALIA', 'NORTE DE SANTANDER'),
(1269, 15000, 4100, 7, 1662, 151, 0, NULL, 'SALAZAR', 'NORTE DE SANTANDER'),
(1270, 15000, 4100, 7, 1663, 151, 0, NULL, 'SAN CALIXTO', 'NORTE DE SANTANDER'),
(1271, 15000, 4100, 7, 1664, 151, 0, NULL, 'SAN CAYETANO', 'NORTE DE SANTANDER'),
(1272, 15000, 4100, 7, 1665, 151, 0, NULL, 'SANTIAGO', 'NORTE DE SANTANDER'),
(1273, 15000, 4100, 7, 1666, 151, 0, NULL, 'SARDINATA', 'NORTE DE SANTANDER'),
(1274, 15000, 4100, 7, 1667, 151, 0, NULL, 'SILOS', 'NORTE DE SANTANDER'),
(1275, 15000, 4100, 7, 1668, 151, 0, NULL, 'TEORAMA', 'NORTE DE SANTANDER'),
(1276, 15000, 4100, 7, 817, 151, 0, NULL, 'TIBU', 'NORTE DE SANTANDER'),
(1277, 15000, 4100, 7, 1670, 151, 0, NULL, 'TOLEDO', 'NORTE DE SANTANDER'),
(1278, 15000, 4100, 7, 1671, 151, 0, NULL, 'VILLA CARO', 'NORTE DE SANTANDER'),
(1279, 15000, 4100, 7, 837, 151, 0, NULL, 'VILLA DEL ROSARIO', 'NORTE DE SANTANDER'),
(1280, 15000, 4100, 7, 1927, 154, 0, NULL, 'COLON', 'PUTUMAYO'),
(1281, 15000, 4100, 7, 1928, 154, 0, NULL, 'LEGUIZAMO', 'PUTUMAYO'),
(1282, 15000, 4100, 7, 682, 154, 0, NULL, 'MOCOA', 'PUTUMAYO'),
(1283, 15000, 4100, 7, 699, 154, 0, NULL, 'ORITO', 'PUTUMAYO'),
(1284, 15000, 4100, 7, 728, 154, 0, NULL, 'PUERTO ASIS', 'PUTUMAYO'),
(1285, 15000, 4100, 7, 1932, 154, 0, NULL, 'PUERTO CAICEDO', 'PUTUMAYO'),
(1286, 15000, 4100, 7, 1933, 154, 0, NULL, 'PUERTO GUZMAN', 'PUTUMAYO'),
(1287, 15000, 4100, 7, 1934, 154, 0, NULL, 'SAN FRANCISCO', 'PUTUMAYO'),
(1288, 15000, 4100, 7, 1935, 154, 0, NULL, 'SAN MIGUEL', 'PUTUMAYO'),
(1289, 15000, 4100, 7, 1936, 154, 0, NULL, 'SANTIAGO', 'PUTUMAYO'),
(1290, 15000, 4100, 7, 796, 154, 0, NULL, 'SIBUNDOY', 'PUTUMAYO'),
(1291, 15000, 4100, 7, 1938, 154, 0, NULL, 'VALLE DEL GUAMUEZ', 'PUTUMAYO'),
(1292, 15000, 4100, 7, 838, 154, 0, NULL, 'VILLA GARZON', 'PUTUMAYO'),
(1293, 15000, 4100, 7, 1939, 154, 0, NULL, 'VILLAGARZON', 'PUTUMAYO'),
(1294, 11500, 3500, 7, 524, 143, 0, NULL, 'ARMENIA', 'QUINDIO'),
(1295, 15000, 4100, 7, 530, 143, 0, NULL, 'BARCELONA', 'QUINDIO'),
(1296, 15000, 4100, 7, 550, 143, 0, NULL, 'CALARCA', 'QUINDIO'),
(1297, 15000, 4100, 7, 573, 143, 0, NULL, 'CIRCASIA', 'QUINDIO'),
(1298, 15000, 4100, 7, 1677, 143, 0, NULL, 'CORDOBA', 'QUINDIO'),
(1299, 15000, 4100, 7, 1678, 143, 0, NULL, 'FILANDIA', 'QUINDIO'),
(1300, 15000, 4100, 7, 1679, 143, 0, NULL, 'GENOVA', 'QUINDIO'),
(1301, 15000, 4100, 7, 657, 143, 0, NULL, 'LA TEBAIDA', 'QUINDIO'),
(1302, 15000, 4100, 7, 686, 143, 0, NULL, 'MONTENEGRO', 'QUINDIO'),
(1303, 15000, 4100, 7, 1682, 143, 0, NULL, 'PIJAO', 'QUINDIO'),
(1304, 15000, 4100, 7, 738, 143, 0, NULL, 'QUIMBAYA', 'QUINDIO'),
(1305, 15000, 4100, 7, 1684, 143, 0, NULL, 'SALENTO', 'QUINDIO'),
(1306, 15000, 4100, 7, 1686, 144, 0, NULL, 'APIA', 'RISARALDA'),
(1307, 15000, 4100, 7, 526, 144, 0, NULL, 'BALBOA', 'RISARALDA'),
(1308, 15000, 4100, 7, 1688, 144, 0, NULL, 'BELEN DE UMBRIA', 'RISARALDA'),
(1309, 11500, 3500, 7, 590, 144, 0, NULL, 'DOSQUEBRADAS', 'RISARALDA'),
(1310, 15000, 4100, 7, 632, 144, 0, NULL, 'GUATICA', 'RISARALDA'),
(1311, 15000, 4100, 7, 1691, 144, 0, NULL, 'LA CELIA', 'RISARALDA'),
(1312, 15000, 4100, 7, 662, 144, 0, NULL, 'LA VIRGINIA', 'RISARALDA'),
(1313, 15000, 4100, 7, 1693, 144, 0, NULL, 'MARSELLA', 'RISARALDA'),
(1314, 15000, 4100, 7, 1694, 144, 0, NULL, 'MISTRATO', 'RISARALDA'),
(1315, 11500, 3500, 7, 717, 144, 0, NULL, 'PEREIRA', 'RISARALDA'),
(1316, 15000, 4100, 7, 1695, 144, 0, NULL, 'PUEBLO RICO', 'RISARALDA'),
(1317, 15000, 4100, 7, 739, 144, 0, NULL, 'QUINCHIA', 'RISARALDA'),
(1318, 14000, 4100, 7, 784, 144, 0, NULL, 'SANTA ROSA DE CABAL', 'RISARALDA'),
(1319, 15000, 4100, 7, 1700, 145, 0, NULL, 'AGUADA', 'SANTANDER'),
(1320, 15000, 4100, 7, 1702, 145, 0, NULL, 'ARATOCA', 'SANTANDER'),
(1321, 15000, 4100, 7, 529, 145, 0, NULL, 'BARBOSA', 'SANTANDER'),
(1322, 15000, 4100, 7, 1704, 145, 0, NULL, 'BARICHARA', 'SANTANDER'),
(1323, 14000, 4100, 7, 532, 145, 0, NULL, 'BARRANCABERMEJA', 'SANTANDER'),
(1324, 15000, 4100, 7, 1706, 145, 0, NULL, 'BETULIA', 'SANTANDER'),
(1325, 15000, 4100, 7, 1707, 145, 0, NULL, 'BOLIVAR', 'SANTANDER'),
(1326, 11500, 3500, 7, 541, 145, 0, NULL, 'BUCARAMANGA', 'SANTANDER'),
(1327, 15000, 4100, 7, 1708, 145, 0, NULL, 'CABRERA', 'SANTANDER'),
(1328, 15000, 4100, 7, 1709, 145, 0, NULL, 'CALIFORNIA', 'SANTANDER'),
(1329, 15000, 4100, 7, 1710, 145, 0, NULL, 'CAPITANEJO', 'SANTANDER'),
(1330, 15000, 4100, 7, 1711, 145, 0, NULL, 'CARCASI', 'SANTANDER'),
(1331, 15000, 4100, 7, 1712, 145, 0, NULL, 'CEPITA', 'SANTANDER'),
(1332, 15000, 4100, 7, 1713, 145, 0, NULL, 'CERRITO', 'SANTANDER'),
(1333, 15000, 4100, 7, 564, 145, 0, NULL, 'CHARALA', 'SANTANDER'),
(1334, 15000, 4100, 7, 1715, 145, 0, NULL, 'CHARTA', 'SANTANDER'),
(1335, 15000, 4100, 7, 1716, 145, 0, NULL, 'CHIMA', 'SANTANDER'),
(1336, 15000, 4100, 7, 1717, 145, 0, NULL, 'CHIPATA', 'SANTANDER'),
(1337, 15000, 4100, 7, 572, 145, 0, NULL, 'CIMITARRA', 'SANTANDER'),
(1338, 15000, 4100, 7, 1719, 145, 0, NULL, 'CONCEPCION', 'SANTANDER'),
(1339, 15000, 4100, 7, 1720, 145, 0, NULL, 'CONFINES', 'SANTANDER'),
(1340, 15000, 4100, 7, 1721, 145, 0, NULL, 'CONTRATACION', 'SANTANDER'),
(1341, 15000, 4100, 7, 1722, 145, 0, NULL, 'COROMORO', 'SANTANDER'),
(1342, 15000, 4100, 7, 584, 145, 0, NULL, 'CURITI', 'SANTANDER'),
(1343, 15000, 4100, 7, 1724, 145, 0, NULL, 'EL CARMEN DE CHUCURI', 'SANTANDER'),
(1344, 15000, 4100, 7, 1725, 145, 0, NULL, 'EL GUACAMAYO', 'SANTANDER'),
(1345, 15000, 4100, 7, 1726, 145, 0, NULL, 'EL PEÑON', 'SANTANDER'),
(1346, 15000, 4100, 7, 596, 145, 0, NULL, 'EL PLAYON', 'SANTANDER'),
(1347, 15000, 4100, 7, 1728, 145, 0, NULL, 'ENCINO', 'SANTANDER'),
(1348, 15000, 4100, 7, 1729, 145, 0, NULL, 'ENCISO', 'SANTANDER'),
(1349, 15000, 4100, 7, 1730, 145, 0, NULL, 'FLORIAN', 'SANTANDER'),
(1350, 15000, 4100, 7, 603, 145, 0, NULL, 'FLORIDABLANCA', 'SANTANDER'),
(1351, 15000, 4100, 7, 1732, 145, 0, NULL, 'GALAN', 'SANTANDER'),
(1352, 15000, 4100, 7, 1733, 145, 0, NULL, 'GAMBITA', 'SANTANDER'),
(1353, 12000, 2000, 7, 621, 145, 0, NULL, 'GIRON', 'SANTANDER'),
(1354, 15000, 4100, 7, 1735, 145, 0, NULL, 'GUACA', 'SANTANDER'),
(1355, 15000, 4100, 7, 1737, 145, 0, NULL, 'GUAPOTA', 'SANTANDER'),
(1356, 15000, 4100, 7, 1738, 145, 0, NULL, 'GUAVATA', 'SANTANDER'),
(1357, 15000, 4100, 7, 1739, 145, 0, NULL, 'GÜEPSA', 'SANTANDER'),
(1358, 15000, 4100, 7, 1740, 145, 0, NULL, 'HATO', 'SANTANDER'),
(1359, 15000, 4100, 7, 635, 145, 0, NULL, 'HIDROSOGAMOSO', 'SANTANDER'),
(1360, 15000, 4100, 7, 1741, 145, 0, NULL, 'JESUS MARIA', 'SANTANDER'),
(1361, 15000, 4100, 7, 1742, 145, 0, NULL, 'JORDAN', 'SANTANDER'),
(1362, 15000, 4100, 7, 1743, 145, 0, NULL, 'LA BELLEZA', 'SANTANDER'),
(1363, 15000, 4100, 7, 1745, 145, 0, NULL, 'LANDAZURI', 'SANTANDER'),
(1364, 15000, 4100, 7, 663, 145, 0, NULL, 'LEBRIJA', 'SANTANDER'),
(1365, 15000, 4100, 7, 1747, 145, 0, NULL, 'LOS SANTOS', 'SANTANDER'),
(1366, 15000, 4100, 7, 1748, 145, 0, NULL, 'MACARAVITA', 'SANTANDER'),
(1367, 15000, 4100, 7, 670, 145, 0, NULL, 'MALAGA', 'SANTANDER'),
(1368, 15000, 4100, 7, 1750, 145, 0, NULL, 'MATANZA', 'SANTANDER'),
(1369, 15000, 4100, 7, 683, 145, 0, NULL, 'MOGOTES', 'SANTANDER'),
(1370, 15000, 4100, 7, 1752, 145, 0, NULL, 'MOLAGAVITA', 'SANTANDER'),
(1371, 15000, 4100, 7, 1753, 145, 0, NULL, 'OCAMONTE', 'SANTANDER'),
(1372, 15000, 4100, 7, 698, 145, 0, NULL, 'OIBA', 'SANTANDER'),
(1373, 15000, 4100, 7, 1755, 145, 0, NULL, 'ONZAGA', 'SANTANDER'),
(1374, 15000, 4100, 7, 1756, 145, 0, NULL, 'PALMAR', 'SANTANDER'),
(1375, 15000, 4100, 7, 1757, 145, 0, NULL, 'PALMAS DEL SOCORRO', 'SANTANDER'),
(1376, 15000, 4100, 7, 1758, 145, 0, NULL, 'PARAMO', 'SANTANDER'),
(1377, 12000, 2000, 7, 718, 145, 0, NULL, 'PIEDECUESTA', 'SANTANDER'),
(1378, 15000, 4100, 7, 1760, 145, 0, NULL, 'PINCHOTE', 'SANTANDER'),
(1379, 15000, 4100, 7, 727, 145, 0, NULL, 'PUENTE NACIONAL', 'SANTANDER'),
(1380, 15000, 4100, 7, 1762, 145, 0, NULL, 'PUERTO PARRA', 'SANTANDER'),
(1381, 15000, 4100, 7, 735, 145, 0, NULL, 'PUERTO WILCHES', 'SANTANDER'),
(1382, 15000, 4100, 7, 747, 145, 0, NULL, 'RIONEGRO', 'SANTANDER'),
(1383, 15000, 4100, 7, 753, 145, 0, NULL, 'SABANA DE TORRES', 'SANTANDER'),
(1384, 15000, 4100, 7, 1766, 145, 0, NULL, 'SAN ANDRES', 'SANTANDER'),
(1385, 15000, 4100, 7, 1767, 145, 0, NULL, 'SAN BENITO', 'SANTANDER'),
(1386, 15000, 4100, 7, 767, 145, 0, NULL, 'SAN GIL', 'SANTANDER'),
(1387, 15000, 4100, 7, 1769, 145, 0, NULL, 'SAN JOAQUIN', 'SANTANDER'),
(1388, 15000, 4100, 7, 1770, 145, 0, NULL, 'SAN JOSE DE MIRANDA', 'SANTANDER'),
(1389, 15000, 4100, 7, 1771, 145, 0, NULL, 'SAN MIGUEL', 'SANTANDER'),
(1390, 15000, 4100, 7, 778, 145, 0, NULL, 'SAN VICENTE DE CHUCURI', 'SANTANDER'),
(1391, 15000, 4100, 7, 1773, 145, 0, NULL, 'SANTA BARBARA', 'SANTANDER'),
(1392, 15000, 4100, 7, 1774, 145, 0, NULL, 'SANTA HELENA DEL OPON', 'SANTANDER'),
(1393, 15000, 4100, 7, 1775, 145, 0, NULL, 'SIMACOTA', 'SANTANDER'),
(1394, 15000, 4100, 7, 803, 145, 0, NULL, 'SOCORRO', 'SANTANDER'),
(1395, 15000, 4100, 7, 1777, 145, 0, NULL, 'SUAITA', 'SANTANDER'),
(1396, 15000, 4100, 7, 1778, 145, 0, NULL, 'SUCRE', 'SANTANDER'),
(1397, 15000, 4100, 7, 1779, 145, 0, NULL, 'SURATA', 'SANTANDER'),
(1398, 15000, 4100, 7, 1780, 145, 0, NULL, 'TONA', 'SANTANDER'),
(1399, 15000, 4100, 7, 1781, 145, 0, NULL, 'VALLE DE SAN JOSE', 'SANTANDER'),
(1400, 15000, 4100, 7, 833, 145, 0, NULL, 'VELEZ', 'SANTANDER'),
(1401, 15000, 4100, 7, 1783, 145, 0, NULL, 'VETAS', 'SANTANDER'),
(1402, 15000, 4100, 7, 1785, 145, 0, NULL, 'ZAPATOCA', 'SANTANDER'),
(1403, 15000, 4100, 7, 1787, 150, 0, NULL, 'CAIMITO', 'SUCRE'),
(1404, 15000, 4100, 7, 1788, 150, 0, NULL, 'CHALAN', 'SUCRE'),
(1405, 15000, 4100, 7, 1789, 150, 0, NULL, 'COLOSO', 'SUCRE'),
(1406, 15000, 4100, 7, 578, 150, 0, NULL, 'COROZAL', 'SUCRE'),
(1407, 15000, 4100, 7, 580, 150, 0, NULL, 'COVEÑAS', 'SUCRE'),
(1408, 15000, 4100, 7, 1792, 150, 0, NULL, 'EL ROBLE', 'SUCRE'),
(1409, 15000, 4100, 7, 1793, 150, 0, NULL, 'GALERAS', 'SUCRE'),
(1410, 15000, 4100, 7, 1794, 150, 0, NULL, 'GUARANDA', 'SUCRE'),
(1411, 15000, 4100, 7, 1796, 150, 0, NULL, 'LOS PALMITOS', 'SUCRE'),
(1412, 15000, 4100, 7, 1797, 150, 0, NULL, 'MAJAGUAL', 'SUCRE'),
(1413, 15000, 4100, 7, 688, 150, 0, NULL, 'MORROA', 'SUCRE'),
(1414, 15000, 4100, 7, 701, 150, 0, NULL, 'OVEJAS', 'SUCRE'),
(1415, 15000, 4100, 7, 1800, 150, 0, NULL, 'PALMITO', 'SUCRE'),
(1416, 15000, 4100, 7, 761, 150, 0, NULL, 'SAMPUES', 'SUCRE'),
(1417, 15000, 4100, 7, 1802, 150, 0, NULL, 'SAN BENITO ABAD', 'SUCRE'),
(1418, 15000, 4100, 7, 1803, 150, 0, NULL, 'SAN JUAN DE BETULIA', 'SUCRE'),
(1419, 15000, 4100, 7, 1804, 150, 0, NULL, 'SAN LUIS DE SINCE', 'SUCRE'),
(1420, 15000, 4100, 7, 772, 150, 0, NULL, 'SAN MARCOS', 'SUCRE'),
(1421, 15000, 4100, 7, 775, 150, 0, NULL, 'SAN ONOFRE', 'SUCRE'),
(1422, 15000, 4100, 7, 776, 150, 0, NULL, 'SAN PEDRO', 'SUCRE'),
(1423, 15000, 4100, 7, 1808, 150, 0, NULL, 'SANTIAGO DE TOLU', 'SUCRE'),
(1424, 7500, 2000, 7, 799, 150, 0, NULL, 'SINCELEJO', 'SUCRE'),
(1425, 15000, 4100, 7, 1810, 150, 0, NULL, 'SUCRE', 'SUCRE'),
(1426, 15000, 4100, 7, 821, 150, 0, NULL, 'TOLU', 'SUCRE'),
(1427, 14000, 4100, 7, 1811, 150, 0, NULL, 'TOLU VIEJO', 'SUCRE'),
(1428, 15000, 4100, 7, 822, 150, 0, NULL, 'TOLUVIEJO', 'SUCRE'),
(1429, 15000, 4100, 7, 1813, 136, 0, NULL, 'ALPUJARRA', 'TOLIMA'),
(1430, 15000, 4100, 7, 507, 136, 0, NULL, 'ALVARADO', 'TOLIMA'),
(1431, 15000, 4100, 7, 510, 136, 0, NULL, 'AMBALEMA', 'TOLIMA'),
(1432, 15000, 4100, 7, 1816, 136, 0, NULL, 'ANZOATEGUI', 'TOLIMA'),
(1433, 15000, 4100, 7, 1817, 136, 0, NULL, 'ARMERO', 'TOLIMA'),
(1434, 15000, 4100, 7, 1818, 136, 0, NULL, 'ATACO', 'TOLIMA'),
(1435, 15000, 4100, 7, 548, 136, 0, NULL, 'CAJAMARCA', 'TOLIMA'),
(1436, 15000, 4100, 7, 1820, 136, 0, NULL, 'CARMEN DE APICALA', 'TOLIMA'),
(1437, 15000, 4100, 7, 1821, 136, 0, NULL, 'CASABIANCA', 'TOLIMA'),
(1438, 15000, 4100, 7, 563, 136, 0, NULL, 'CHAPARRAL', 'TOLIMA'),
(1439, 15000, 4100, 7, 566, 136, 0, NULL, 'CHICORAL', 'TOLIMA'),
(1440, 15000, 4100, 7, 1823, 136, 0, NULL, 'COELLO', 'TOLIMA'),
(1441, 15000, 4100, 7, 581, 136, 0, NULL, 'COYAIMA', 'TOLIMA'),
(1442, 15000, 4100, 7, 1825, 136, 0, NULL, 'CUNDAY', 'TOLIMA'),
(1443, 15000, 4100, 7, 1826, 136, 0, NULL, 'DOLORES', 'TOLIMA'),
(1444, 15000, 4100, 7, 599, 136, 0, NULL, 'ESPINAL', 'TOLIMA'),
(1445, 15000, 4100, 7, 1828, 136, 0, NULL, 'FALAN', 'TOLIMA'),
(1446, 15000, 4100, 7, 601, 136, 0, NULL, 'FLANDES', 'TOLIMA'),
(1447, 15000, 4100, 7, 608, 136, 0, NULL, 'FRESNO', 'TOLIMA'),
(1448, 15000, 4100, 7, 628, 136, 0, NULL, 'GUAMO', 'TOLIMA'),
(1449, 15000, 4100, 7, 633, 136, 0, NULL, 'GUAYABAL', 'TOLIMA'),
(1450, 15000, 4100, 7, 1832, 136, 0, NULL, 'HERVEO', 'TOLIMA'),
(1451, 15000, 4100, 7, 637, 136, 0, NULL, 'HONDA', 'TOLIMA'),
(1452, 11500, 3500, 7, 638, 136, 0, NULL, 'IBAGUE', 'TOLIMA'),
(1453, 15000, 4100, 7, 1834, 136, 0, NULL, 'ICONONZO', 'TOLIMA'),
(1454, 15000, 4100, 7, 664, 136, 0, NULL, 'LERIDA', 'TOLIMA'),
(1455, 15000, 4100, 7, 665, 136, 0, NULL, 'LIBANO', 'TOLIMA'),
(1456, 15000, 4100, 7, 676, 136, 0, NULL, 'MARIQUITA', 'TOLIMA'),
(1457, 15000, 4100, 7, 678, 136, 0, NULL, 'MELGAR', 'TOLIMA'),
(1458, 15000, 4100, 7, 1839, 136, 0, NULL, 'MURILLO', 'TOLIMA'),
(1459, 15000, 4100, 7, 691, 136, 0, NULL, 'NATAGAIMA', 'TOLIMA'),
(1460, 15000, 4100, 7, 700, 136, 0, NULL, 'ORTEGA', 'TOLIMA'),
(1461, 15000, 4100, 7, 1842, 136, 0, NULL, 'PALOCABILDO', 'TOLIMA'),
(1462, 15000, 4100, 7, 713, 136, 0, NULL, 'PAYANDE', 'TOLIMA'),
(1463, 15000, 4100, 7, 1843, 136, 0, NULL, 'PIEDRAS', 'TOLIMA'),
(1464, 15000, 4100, 7, 1844, 136, 0, NULL, 'PLANADAS', 'TOLIMA'),
(1465, 15000, 4100, 7, 725, 136, 0, NULL, 'PRADO', 'TOLIMA'),
(1466, 15000, 4100, 7, 736, 136, 0, NULL, 'PURIFICACION', 'TOLIMA'),
(1467, 15000, 4100, 7, 1847, 136, 0, NULL, 'RIOBLANCO', 'TOLIMA'),
(1468, 15000, 4100, 7, 1848, 136, 0, NULL, 'RONCESVALLES', 'TOLIMA'),
(1469, 15000, 4100, 7, 1849, 136, 0, NULL, 'ROVIRA', 'TOLIMA'),
(1470, 15000, 4100, 7, 758, 136, 0, NULL, 'SALDAÑA', 'TOLIMA'),
(1471, 15000, 4100, 7, 1851, 136, 0, NULL, 'SAN ANTONIO', 'TOLIMA'),
(1472, 15000, 4100, 7, 1852, 136, 0, NULL, 'SAN LUIS', 'TOLIMA'),
(1473, 15000, 4100, 7, 1853, 136, 0, NULL, 'SANTA ISABEL', 'TOLIMA'),
(1474, 15000, 4100, 7, 1854, 136, 0, NULL, 'SUAREZ', 'TOLIMA'),
(1475, 15000, 4100, 7, 1855, 136, 0, NULL, 'VALLE DE SAN JUAN', 'TOLIMA'),
(1476, 15000, 4100, 7, 834, 136, 0, NULL, 'VENADILLO', 'TOLIMA'),
(1477, 15000, 4100, 7, 1857, 136, 0, NULL, 'VILLAHERMOSA', 'TOLIMA'),
(1478, 15000, 4100, 7, 506, 135, 0, NULL, 'ALCALA', 'VALLE'),
(1479, 15000, 4100, 7, 509, 135, 0, NULL, 'AMAIME', 'VALLE'),
(1480, 14000, 4100, 7, 542, 135, 0, NULL, 'BUENAVENTURA', 'VALLE'),
(1481, 14000, 4100, 7, 545, 135, 0, NULL, 'BUGA', 'VALLE'),
(1482, 15000, 4100, 7, 544, 135, 0, NULL, 'BUGALAGRANDE', 'VALLE'),
(1483, 15000, 4100, 7, 547, 135, 0, NULL, 'CAICEDONIA', 'VALLE'),
(1484, 11500, 3500, 7, 552, 135, 0, NULL, 'CALI', 'VALLE'),
(1485, 15000, 4100, 7, 554, 135, 0, NULL, 'CANDELARIA', 'VALLE'),
(1486, 12000, 2000, 7, 560, 135, 0, NULL, 'CARTAGO', 'VALLE'),
(1487, 15000, 4100, 7, 586, 135, 0, NULL, 'DAGUA', 'VALLE'),
(1488, 15000, 4100, 7, 587, 135, 0, NULL, 'DARIEN', 'VALLE'),
(1489, 15000, 4100, 7, 593, 135, 0, NULL, 'EL CERRITO', 'VALLE'),
(1490, 15000, 4100, 7, 604, 135, 0, NULL, 'FLORIDA', 'VALLE'),
(1491, 15000, 4100, 7, 618, 135, 0, NULL, 'GINEBRA', 'VALLE'),
(1492, 15000, 4100, 7, 623, 135, 0, NULL, 'GUACARI', 'VALLE'),
(1493, 12000, 2000, 7, 642, 135, 0, NULL, 'JAMUNDI', 'VALLE'),
(1494, 15000, 4100, 7, 660, 135, 0, NULL, 'LA UNION', 'VALLE'),
(1495, 15000, 4100, 7, 696, 135, 0, NULL, 'OBANDO', 'VALLE'),
(1496, 12000, 2000, 7, 708, 135, 0, NULL, 'PALMIRA', 'VALLE'),
(1497, 15000, 4100, 7, 724, 135, 0, NULL, 'PRADERA', 'VALLE'),
(1498, 15000, 4100, 7, 742, 135, 0, NULL, 'RESTREPO', 'VALLE'),
(1499, 15000, 4100, 7, 744, 135, 0, NULL, 'RIOFRIO', 'VALLE'),
(1500, 15000, 4100, 7, 751, 135, 0, NULL, 'ROLDANILLO', 'VALLE'),
(1501, 15000, 4100, 7, 752, 135, 0, NULL, 'ROZO', 'VALLE'),
(1502, 15000, 4100, 7, 777, 135, 0, NULL, 'SAN PEDRO', 'VALLE'),
(1503, 15000, 4100, 7, 794, 135, 0, NULL, 'SEVILLA', 'VALLE'),
(1504, 14000, 4100, 7, 823, 135, 0, NULL, 'TULUA', 'VALLE'),
(1505, 15000, 4100, 7, 840, 135, 0, NULL, 'VILLAGORGONA', 'VALLE'),
(1506, 15000, 4100, 7, 850, 135, 0, NULL, 'YOTOCO', 'VALLE'),
(1507, 15000, 4100, 7, 851, 135, 0, NULL, 'YUMBO', 'VALLE'),
(1508, 15000, 4100, 7, 852, 135, 0, NULL, 'ZARZAL', 'VALLE'),
(1509, 15000, 4100, 7, 1964, 190, 0, NULL, 'CARURU', 'VAUPES'),
(1510, 15000, 4100, 7, 1965, 190, 0, NULL, 'MITU', 'VAUPES'),
(1511, 15000, 4100, 7, 1966, 190, 0, NULL, 'PACOA', 'VAUPES'),
(1512, 15000, 4100, 7, 1967, 190, 0, NULL, 'PAPUNAUA', 'VAUPES'),
(1513, 15000, 4100, 7, 1968, 190, 0, NULL, 'TARAIRA', 'VAUPES'),
(1514, 15000, 4100, 7, 1969, 190, 0, NULL, 'YAVARATE', 'VAUPES'),
(1515, 15000, 4100, 7, 1970, 156, 0, NULL, 'CUMARIBO', 'VICHADA'),
(1516, 15000, 4100, 7, 1971, 156, 0, NULL, 'LA PRIMAVERA', 'VICHADA'),
(1517, 15000, 4100, 7, 730, 156, 0, NULL, 'PUERTO CARREÑO', 'VICHADA'),
(1518, 15000, 4100, 7, 1973, 156, 0, NULL, 'SANTA ROSALIA', 'VICHADA'),
(1519, 15000, 4100, 6, 1941, 153, 0, NULL, 'LA CHORRERA', 'AMAZONAS'),
(1520, 15000, 4100, 6, 1942, 153, 0, NULL, 'LA PEDRERA', 'AMAZONAS'),
(1521, 15000, 4100, 6, 1943, 153, 0, NULL, 'LA VICTORIA', 'AMAZONAS'),
(1522, 31500, 6000, 6, 1944, 153, 0, NULL, 'LETICIA', 'AMAZONAS'),
(1523, 15000, 4100, 6, 1945, 153, 0, NULL, 'MIRITI - PARANA', 'AMAZONAS'),
(1524, 15000, 4100, 6, 1946, 153, 0, NULL, 'PUERTO ALEGRIA', 'AMAZONAS'),
(1525, 15000, 4100, 6, 1947, 153, 0, NULL, 'PUERTO ARICA', 'AMAZONAS'),
(1526, 15000, 4100, 6, 1948, 153, 0, NULL, 'PUERTO NARIÑO', 'AMAZONAS'),
(1527, 15000, 4100, 6, 1949, 153, 0, NULL, 'PUERTO SANTANDER', 'AMAZONAS'),
(1528, 15000, 4100, 6, 1950, 153, 0, NULL, 'TARAPACA', 'AMAZONAS'),
(1529, 15000, 4100, 6, 856, 137, 0, NULL, 'ABEJORRAL', 'ANTIOQUIA'),
(1530, 15000, 4100, 6, 857, 137, 0, NULL, 'ABRIAQUI', 'ANTIOQUIA'),
(1531, 15000, 4100, 6, 858, 137, 0, NULL, 'ALEJANDRIA', 'ANTIOQUIA'),
(1532, 15000, 4100, 6, 508, 137, 0, NULL, 'AMAGA', 'ANTIOQUIA'),
(1533, 15000, 4100, 6, 860, 137, 0, NULL, 'AMALFI', 'ANTIOQUIA'),
(1534, 15000, 4100, 6, 513, 137, 0, NULL, 'ANDES', 'ANTIOQUIA'),
(1535, 15000, 4100, 6, 862, 137, 0, NULL, 'ANGELOPOLIS', 'ANTIOQUIA'),
(1536, 15000, 4100, 6, 863, 137, 0, NULL, 'ANGOSTURA', 'ANTIOQUIA'),
(1537, 15000, 4100, 6, 864, 137, 0, NULL, 'ANORI', 'ANTIOQUIA'),
(1538, 15000, 4100, 6, 865, 137, 0, NULL, 'ANZA', 'ANTIOQUIA'),
(1539, 15000, 4100, 6, 516, 137, 0, NULL, 'APARTADO', 'ANTIOQUIA'),
(1540, 15000, 4100, 6, 867, 137, 0, NULL, 'ARBOLETES', 'ANTIOQUIA'),
(1541, 15000, 4100, 6, 868, 137, 0, NULL, 'ARGELIA', 'ANTIOQUIA'),
(1542, 15000, 4100, 6, 528, 137, 0, NULL, 'BARBOSA', 'ANTIOQUIA'),
(1543, 12000, 2000, 6, 538, 137, 0, NULL, 'BELLO', 'ANTIOQUIA'),
(1544, 15000, 4100, 6, 872, 137, 0, NULL, 'BELMIRA', 'ANTIOQUIA'),
(1545, 15000, 4100, 6, 873, 137, 0, NULL, 'BETANIA', 'ANTIOQUIA'),
(1546, 15000, 4100, 6, 874, 137, 0, NULL, 'BETULIA', 'ANTIOQUIA'),
(1547, 15000, 4100, 6, 875, 137, 0, NULL, 'BRICEÑO', 'ANTIOQUIA'),
(1548, 15000, 4100, 6, 876, 137, 0, NULL, 'BURITICA', 'ANTIOQUIA'),
(1549, 15000, 4100, 6, 877, 137, 0, NULL, 'CACERES', 'ANTIOQUIA'),
(1550, 15000, 4100, 6, 878, 137, 0, NULL, 'CAICEDO', 'ANTIOQUIA'),
(1551, 12000, 2000, 6, 551, 137, 0, NULL, 'CALDAS', 'ANTIOQUIA'),
(1552, 15000, 4100, 6, 880, 137, 0, NULL, 'CAMPAMENTO', 'ANTIOQUIA'),
(1553, 15000, 4100, 6, 881, 137, 0, NULL, 'CAÑASGORDAS', 'ANTIOQUIA'),
(1554, 15000, 4100, 6, 882, 137, 0, NULL, 'CARACOLI', 'ANTIOQUIA'),
(1555, 15000, 4100, 6, 883, 137, 0, NULL, 'CARAMANTA', 'ANTIOQUIA'),
(1556, 15000, 4100, 6, 555, 137, 0, NULL, 'CAREPA', 'ANTIOQUIA'),
(1557, 15000, 4100, 6, 557, 137, 0, NULL, 'CARMEN DE VIBORAL', 'ANTIOQUIA'),
(1558, 15000, 4100, 6, 885, 137, 0, NULL, 'CAROLINA', 'ANTIOQUIA'),
(1559, 12000, 2000, 6, 561, 137, 0, NULL, 'CAUCASIA', 'ANTIOQUIA'),
(1560, 15000, 4100, 6, 567, 137, 0, NULL, 'CHIGORODO', 'ANTIOQUIA'),
(1561, 15000, 4100, 6, 888, 137, 0, NULL, 'CISNEROS', 'ANTIOQUIA'),
(1562, 15000, 4100, 6, 889, 137, 0, NULL, 'CIUDAD BOLIVAR', 'ANTIOQUIA'),
(1563, 15000, 4100, 6, 890, 137, 0, NULL, 'COCORNA', 'ANTIOQUIA'),
(1564, 15000, 4100, 6, 891, 137, 0, NULL, 'CONCEPCION', 'ANTIOQUIA'),
(1565, 15000, 4100, 6, 892, 137, 0, NULL, 'CONCORDIA', 'ANTIOQUIA'),
(1566, 15000, 4100, 6, 576, 137, 0, NULL, 'COPACABANA', 'ANTIOQUIA'),
(1567, 15000, 4100, 6, 894, 137, 0, NULL, 'DABEIBA', 'ANTIOQUIA'),
(1568, 15000, 4100, 6, 895, 137, 0, NULL, 'DON MATIAS', 'ANTIOQUIA'),
(1569, 15000, 4100, 6, 589, 137, 0, NULL, 'DORADAL', 'ANTIOQUIA'),
(1570, 15000, 4100, 6, 896, 137, 0, NULL, 'EBEJICO', 'ANTIOQUIA'),
(1571, 15000, 4100, 6, 897, 137, 0, NULL, 'EL BAGRE', 'ANTIOQUIA'),
(1572, 15000, 4100, 6, 898, 137, 0, NULL, 'EL CARMEN DE VIBORAL', 'ANTIOQUIA'),
(1573, 15000, 4100, 6, 597, 137, 0, NULL, 'EL RETIRO', 'ANTIOQUIA'),
(1574, 15000, 4100, 6, 899, 137, 0, NULL, 'EL SANTUARIO', 'ANTIOQUIA'),
(1575, 15000, 4100, 6, 900, 137, 0, NULL, 'ENTRERRIOS', 'ANTIOQUIA'),
(1576, 12000, 2000, 6, 598, 137, 0, NULL, 'ENVIGADO', 'ANTIOQUIA'),
(1577, 15000, 4100, 6, 901, 137, 0, NULL, 'FREDONIA', 'ANTIOQUIA'),
(1578, 15000, 4100, 6, 609, 137, 0, NULL, 'FRONTINO', 'ANTIOQUIA'),
(1579, 15000, 4100, 6, 903, 137, 0, NULL, 'GIRALDO', 'ANTIOQUIA'),
(1580, 15000, 4100, 6, 619, 137, 0, NULL, 'GIRARDOTA', 'ANTIOQUIA'),
(1581, 15000, 4100, 6, 905, 137, 0, NULL, 'GOMEZ PLATA', 'ANTIOQUIA'),
(1582, 15000, 4100, 6, 629, 137, 0, NULL, 'GUARNE', 'ANTIOQUIA'),
(1583, 15000, 4100, 6, 909, 137, 0, NULL, 'GUATAPE', 'ANTIOQUIA'),
(1584, 15000, 4100, 6, 910, 137, 0, NULL, 'HELICONIA', 'ANTIOQUIA'),
(1585, 15000, 4100, 6, 911, 137, 0, NULL, 'HISPANIA', 'ANTIOQUIA'),
(1586, 12000, 2000, 6, 641, 137, 0, NULL, 'ITAGUI', 'ANTIOQUIA'),
(1587, 15000, 4100, 6, 912, 137, 0, NULL, 'ITUANGO', 'ANTIOQUIA'),
(1588, 15000, 4100, 6, 643, 137, 0, NULL, 'JARDIN', 'ANTIOQUIA'),
(1589, 15000, 4100, 6, 645, 137, 0, NULL, 'JERICO', 'ANTIOQUIA'),
(1590, 12000, 2000, 6, 647, 137, 0, NULL, 'LA CEJA', 'ANTIOQUIA'),
(1591, 12000, 2000, 6, 650, 137, 0, NULL, 'LA ESTRELLA', 'ANTIOQUIA'),
(1592, 15000, 4100, 6, 917, 137, 0, NULL, 'LA PINTADA', 'ANTIOQUIA'),
(1593, 15000, 4100, 6, 658, 137, 0, NULL, 'LA UNION', 'ANTIOQUIA'),
(1594, 15000, 4100, 6, 919, 137, 0, NULL, 'LIBORINA', 'ANTIOQUIA'),
(1595, 15000, 4100, 6, 920, 137, 0, NULL, 'MACEO', 'ANTIOQUIA'),
(1596, 15000, 4100, 6, 675, 137, 0, NULL, 'MARINILLA', 'ANTIOQUIA'),
(1597, 11500, 3500, 6, 677, 137, 0, NULL, 'MEDELLIN', 'ANTIOQUIA'),
(1598, 15000, 4100, 6, 923, 137, 0, NULL, 'MONTEBELLO', 'ANTIOQUIA'),
(1599, 15000, 4100, 6, 924, 137, 0, NULL, 'MURINDO', 'ANTIOQUIA'),
(1600, 15000, 4100, 6, 925, 137, 0, NULL, 'MUTATA', 'ANTIOQUIA'),
(1601, 15000, 4100, 6, 926, 137, 0, NULL, 'NARIÑO', 'ANTIOQUIA'),
(1602, 15000, 4100, 6, 927, 137, 0, NULL, 'NECHI', 'ANTIOQUIA'),
(1603, 15000, 4100, 6, 692, 137, 0, NULL, 'NECOCLI', 'ANTIOQUIA'),
(1604, 15000, 4100, 6, 929, 137, 0, NULL, 'OLAYA', 'ANTIOQUIA'),
(1605, 15000, 4100, 6, 930, 137, 0, NULL, 'PEÑOL', 'ANTIOQUIA'),
(1606, 15000, 4100, 6, 931, 137, 0, NULL, 'PEQUE', 'ANTIOQUIA'),
(1607, 15000, 4100, 6, 932, 137, 0, NULL, 'PUEBLORRICO', 'ANTIOQUIA'),
(1608, 15000, 4100, 6, 933, 137, 0, NULL, 'PUERTO BERRIO', 'ANTIOQUIA'),
(1609, 15000, 4100, 6, 934, 137, 0, NULL, 'PUERTO NARE', 'ANTIOQUIA'),
(1610, 15000, 4100, 6, 935, 137, 0, NULL, 'PUERTO TRIUNFO', 'ANTIOQUIA'),
(1611, 15000, 4100, 6, 936, 137, 0, NULL, 'REMEDIOS', 'ANTIOQUIA'),
(1612, 15000, 4100, 6, 937, 137, 0, NULL, 'RETIRO', 'ANTIOQUIA'),
(1613, 12000, 2000, 6, 746, 137, 0, NULL, 'RIONEGRO', 'ANTIOQUIA'),
(1614, 12000, 2000, 6, 756, 137, 0, NULL, 'SABANETA', 'ANTIOQUIA'),
(1615, 15000, 4100, 6, 941, 137, 0, NULL, 'SALGAR', 'ANTIOQUIA'),
(1616, 15000, 4100, 6, 942, 137, 0, NULL, 'SAN ANDRES DE CUERQUIA', 'ANTIOQUIA'),
(1617, 15000, 4100, 6, 765, 137, 0, NULL, 'SAN ANTONIO DE PRADO', 'ANTIOQUIA'),
(1618, 15000, 4100, 6, 943, 137, 0, NULL, 'SAN CARLOS', 'ANTIOQUIA'),
(1619, 15000, 4100, 6, 766, 137, 0, NULL, 'SAN CRISTOBAL', 'ANTIOQUIA'),
(1620, 15000, 4100, 6, 944, 137, 0, NULL, 'SAN FRANCISCO', 'ANTIOQUIA'),
(1621, 15000, 4100, 6, 945, 137, 0, NULL, 'SAN JERONIMO', 'ANTIOQUIA'),
(1622, 15000, 4100, 6, 946, 137, 0, NULL, 'SAN JOSE DE LA MONTAÑA', 'ANTIOQUIA'),
(1623, 15000, 4100, 6, 947, 137, 0, NULL, 'SAN JUAN DE URABA', 'ANTIOQUIA'),
(1624, 15000, 4100, 6, 948, 137, 0, NULL, 'SAN LUIS', 'ANTIOQUIA'),
(1625, 15000, 4100, 6, 949, 137, 0, NULL, 'SAN PEDRO DE LOS MILAGROS', 'ANTIOQUIA'),
(1626, 15000, 4100, 6, 950, 137, 0, NULL, 'SAN PEDRO DE URABA', 'ANTIOQUIA'),
(1627, 15000, 4100, 6, 951, 137, 0, NULL, 'SAN RAFAEL', 'ANTIOQUIA'),
(1628, 15000, 4100, 6, 952, 137, 0, NULL, 'SAN ROQUE', 'ANTIOQUIA'),
(1629, 15000, 4100, 6, 953, 137, 0, NULL, 'SAN VICENTE', 'ANTIOQUIA'),
(1630, 15000, 4100, 6, 954, 137, 0, NULL, 'SANTA BARBARA', 'ANTIOQUIA'),
(1631, 15000, 4100, 6, 781, 137, 0, NULL, 'SANTA ELENA', 'ANTIOQUIA'),
(1632, 15000, 4100, 6, 785, 137, 0, NULL, 'SANTA ROSA DE OSOS', 'ANTIOQUIA'),
(1633, 15000, 4100, 6, 787, 137, 0, NULL, 'SANTAFE DE ANTIOQUIA', 'ANTIOQUIA'),
(1634, 15000, 4100, 6, 957, 137, 0, NULL, 'SANTO DOMINGO', 'ANTIOQUIA'),
(1635, 15000, 4100, 6, 791, 137, 0, NULL, 'SANTUARIO', 'ANTIOQUIA'),
(1636, 15000, 4100, 6, 958, 137, 0, NULL, 'SEGOVIA', 'ANTIOQUIA'),
(1637, 15000, 4100, 6, 959, 137, 0, NULL, 'SONSON', 'ANTIOQUIA'),
(1638, 15000, 4100, 6, 806, 137, 0, NULL, 'SOPETRAN', 'ANTIOQUIA'),
(1639, 15000, 4100, 6, 961, 137, 0, NULL, 'TAMESIS', 'ANTIOQUIA'),
(1640, 15000, 4100, 6, 814, 137, 0, NULL, 'TARAZA', 'ANTIOQUIA'),
(1641, 15000, 4100, 6, 963, 137, 0, NULL, 'TARSO', 'ANTIOQUIA'),
(1642, 15000, 4100, 6, 964, 137, 0, NULL, 'TITIRIBI', 'ANTIOQUIA'),
(1643, 15000, 4100, 6, 965, 137, 0, NULL, 'TOLEDO', 'ANTIOQUIA'),
(1644, 15000, 4100, 6, 828, 137, 0, NULL, 'TURBO', 'ANTIOQUIA'),
(1645, 15000, 4100, 6, 967, 137, 0, NULL, 'URAMITA', 'ANTIOQUIA'),
(1646, 15000, 4100, 6, 968, 137, 0, NULL, 'URRAO', 'ANTIOQUIA'),
(1647, 15000, 4100, 6, 969, 137, 0, NULL, 'VALDIVIA', 'ANTIOQUIA'),
(1648, 15000, 4100, 6, 970, 137, 0, NULL, 'VALPARAISO', 'ANTIOQUIA'),
(1649, 15000, 4100, 6, 971, 137, 0, NULL, 'VEGACHI', 'ANTIOQUIA'),
(1650, 15000, 4100, 6, 972, 137, 0, NULL, 'VENECIA', 'ANTIOQUIA'),
(1651, 15000, 4100, 6, 973, 137, 0, NULL, 'VIGIA DEL FUERTE', 'ANTIOQUIA'),
(1652, 15000, 4100, 6, 974, 137, 0, NULL, 'YALI', 'ANTIOQUIA'),
(1653, 15000, 4100, 6, 975, 137, 0, NULL, 'YARUMAL', 'ANTIOQUIA'),
(1654, 15000, 4100, 6, 976, 137, 0, NULL, 'YOLOMBO', 'ANTIOQUIA'),
(1655, 15000, 4100, 6, 848, 137, 0, NULL, 'YONDO', 'ANTIOQUIA'),
(1656, 15000, 4100, 6, 978, 137, 0, NULL, 'ZARAGOZA', 'ANTIOQUIA'),
(1657, 15000, 4100, 6, 521, 141, 0, NULL, 'ARAUCA', 'ARAUCA'),
(1658, 15000, 4100, 6, 522, 141, 0, NULL, 'ARAUQUITA', 'ARAUCA'),
(1659, 15000, 4100, 6, 1903, 141, 0, NULL, 'CRAVO NORTE', 'ARAUCA'),
(1660, 15000, 4100, 6, 607, 141, 0, NULL, 'FORTUL', 'ARAUCA'),
(1661, 15000, 4100, 6, 1905, 141, 0, NULL, 'PUERTO RONDON', 'ARAUCA'),
(1662, 15000, 4100, 6, 792, 141, 0, NULL, 'SARAVENA', 'ARAUCA'),
(1663, 15000, 4100, 6, 813, 141, 0, NULL, 'TAME', 'ARAUCA'),
(1664, 15000, 4100, 6, 527, 159, 0, NULL, 'BARANOA', 'ATLANTICO'),
(1665, 7500, 3000, 6, 534, 159, 0, NULL, 'BARRANQUILLA', 'ATLANTICO'),
(1666, 15000, 4100, 6, 982, 159, 0, NULL, 'CAMPO DE LA CRUZ', 'ATLANTICO'),
(1667, 15000, 4100, 6, 613, 159, 0, NULL, 'GALAPA', 'ATLANTICO'),
(1668, 15000, 4100, 6, 985, 159, 0, NULL, 'JUAN DE ACOSTA', 'ATLANTICO'),
(1669, 15000, 4100, 6, 986, 159, 0, NULL, 'LURUACO', 'ATLANTICO'),
(1670, 7500, 2000, 6, 671, 159, 0, NULL, 'MALAMBO', 'ATLANTICO'),
(1671, 15000, 4100, 6, 988, 159, 0, NULL, 'MANATI', 'ATLANTICO'),
(1672, 15000, 4100, 6, 707, 159, 0, NULL, 'PALMAR DE VARELA', 'ATLANTICO'),
(1673, 15000, 4100, 6, 990, 159, 0, NULL, 'PIOJO', 'ATLANTICO'),
(1674, 15000, 4100, 6, 991, 159, 0, NULL, 'POLONUEVO', 'ATLANTICO'),
(1675, 15000, 4100, 6, 992, 159, 0, NULL, 'PONEDERA', 'ATLANTICO'),
(1676, 7500, 2000, 6, 731, 159, 0, NULL, 'PUERTO COLOMBIA', 'ATLANTICO'),
(1677, 15000, 4100, 6, 994, 159, 0, NULL, 'REPELON', 'ATLANTICO'),
(1678, 12000, 2000, 6, 754, 159, 0, NULL, 'SABANAGRANDE', 'ATLANTICO'),
(1679, 12000, 2000, 6, 755, 159, 0, NULL, 'SABANALARGA', 'ATLANTICO'),
(1680, 15000, 4100, 6, 997, 159, 0, NULL, 'SANTA LUCIA', 'ATLANTICO'),
(1681, 15000, 4100, 6, 790, 159, 0, NULL, 'SANTO TOMAS', 'ATLANTICO'),
(1682, 7500, 2000, 6, 805, 159, 0, NULL, 'SOLEDAD', 'ATLANTICO'),
(1683, 15000, 4100, 6, 999, 159, 0, NULL, 'SUAN', 'ATLANTICO'),
(1684, 15000, 4100, 6, 1000, 159, 0, NULL, 'TUBARA', 'ATLANTICO'),
(1685, 15000, 4100, 6, 1001, 159, 0, NULL, 'USIACURI', 'ATLANTICO'),
(1686, 15000, 4100, 6, 1004, 142, 0, NULL, 'ACHI', 'BOLIVAR'),
(1687, 15000, 4100, 6, 1005, 142, 0, NULL, 'ALTOS DEL ROSARIO', 'BOLIVAR'),
(1688, 15000, 4100, 6, 1006, 142, 0, NULL, 'ARENAL', 'BOLIVAR'),
(1689, 15000, 4100, 6, 523, 142, 0, NULL, 'ARJONA', 'BOLIVAR'),
(1690, 15000, 4100, 6, 1008, 142, 0, NULL, 'ARROYOHONDO', 'BOLIVAR'),
(1691, 15000, 4100, 6, 1009, 142, 0, NULL, 'BARRANCO DE LOBA', 'BOLIVAR'),
(1692, 15000, 4100, 6, 1010, 142, 0, NULL, 'CALAMAR', 'BOLIVAR'),
(1693, 15000, 4100, 6, 1011, 142, 0, NULL, 'CANTAGALLO', 'BOLIVAR'),
(1694, 15000, 4100, 6, 556, 142, 0, NULL, 'CARMEN DE BOLIVAR', 'BOLIVAR'),
(1695, 7500, 2000, 6, 559, 142, 0, NULL, 'CARTAGENA', 'BOLIVAR'),
(1696, 15000, 4100, 6, 1012, 142, 0, NULL, 'CICUCO', 'BOLIVAR'),
(1697, 15000, 4100, 6, 1013, 142, 0, NULL, 'CLEMENCIA', 'BOLIVAR'),
(1698, 15000, 4100, 6, 1014, 142, 0, NULL, 'CORDOBA', 'BOLIVAR'),
(1699, 15000, 4100, 6, 1015, 142, 0, NULL, 'EL CARMEN DE BOLIVAR', 'BOLIVAR'),
(1700, 15000, 4100, 6, 1016, 142, 0, NULL, 'EL GUAMO', 'BOLIVAR'),
(1701, 15000, 4100, 6, 1017, 142, 0, NULL, 'EL PEÑON', 'BOLIVAR'),
(1702, 15000, 4100, 6, 1018, 142, 0, NULL, 'HATILLO DE LOBA', 'BOLIVAR'),
(1703, 12000, 2000, 6, 668, 142, 0, NULL, 'MAGANGUE', 'BOLIVAR'),
(1704, 15000, 4100, 6, 1020, 142, 0, NULL, 'MAHATES', 'BOLIVAR'),
(1705, 15000, 4100, 6, 1021, 142, 0, NULL, 'MARGARITA', 'BOLIVAR'),
(1706, 15000, 4100, 6, 674, 142, 0, NULL, 'MARIA LA BAJA', 'BOLIVAR'),
(1707, 15000, 4100, 6, 684, 142, 0, NULL, 'MOMPOS', 'BOLIVAR'),
(1708, 15000, 4100, 6, 1024, 142, 0, NULL, 'MONTECRISTO', 'BOLIVAR'),
(1709, 15000, 4100, 6, 1025, 142, 0, NULL, 'MORALES', 'BOLIVAR'),
(1710, 15000, 4100, 6, 1026, 142, 0, NULL, 'NOROSI', 'BOLIVAR'),
(1711, 15000, 4100, 6, 711, 142, 0, NULL, 'PASACABALLOS', 'BOLIVAR'),
(1712, 15000, 4100, 6, 1027, 142, 0, NULL, 'PINILLOS', 'BOLIVAR'),
(1713, 15000, 4100, 6, 1028, 142, 0, NULL, 'REGIDOR', 'BOLIVAR'),
(1714, 15000, 4100, 6, 1029, 142, 0, NULL, 'RIO VIEJO', 'BOLIVAR'),
(1715, 15000, 4100, 6, 1031, 142, 0, NULL, 'SAN ESTANISLAO', 'BOLIVAR'),
(1716, 15000, 4100, 6, 1032, 142, 0, NULL, 'SAN FERNANDO', 'BOLIVAR'),
(1717, 15000, 4100, 6, 1033, 142, 0, NULL, 'SAN JACINTO', 'BOLIVAR'),
(1718, 15000, 4100, 6, 1034, 142, 0, NULL, 'SAN JACINTO DEL CAUCA', 'BOLIVAR'),
(1719, 15000, 4100, 6, 771, 142, 0, NULL, 'SAN JUAN NEPOMUCENO', 'BOLIVAR'),
(1720, 15000, 4100, 6, 1036, 142, 0, NULL, 'SAN MARTIN DE LOBA', 'BOLIVAR'),
(1721, 15000, 4100, 6, 1037, 142, 0, NULL, 'SAN PABLO', 'BOLIVAR'),
(1722, 15000, 4100, 6, 1038, 142, 0, NULL, 'SANTA CATALINA', 'BOLIVAR'),
(1723, 15000, 4100, 6, 1039, 142, 0, NULL, 'SANTA ROSA', 'BOLIVAR'),
(1724, 15000, 4100, 6, 1040, 142, 0, NULL, 'SANTA ROSA DEL SUR', 'BOLIVAR'),
(1725, 15000, 4100, 6, 1041, 142, 0, NULL, 'SIMITI', 'BOLIVAR'),
(1726, 15000, 4100, 6, 1042, 142, 0, NULL, 'SOPLAVIENTO', 'BOLIVAR'),
(1727, 15000, 4100, 6, 1043, 142, 0, NULL, 'TALAIGUA NUEVO', 'BOLIVAR'),
(1728, 15000, 4100, 6, 1044, 142, 0, NULL, 'TIQUISIO', 'BOLIVAR'),
(1729, 7500, 2000, 6, 827, 142, 0, NULL, 'TURBACO', 'BOLIVAR'),
(1730, 15000, 4100, 6, 1046, 142, 0, NULL, 'TURBANA', 'BOLIVAR'),
(1731, 15000, 4100, 6, 1048, 142, 0, NULL, 'ZAMBRANO', 'BOLIVAR'),
(1732, 15000, 4100, 6, 1049, 139, 0, NULL, 'ALMEIDA', 'BOYACA'),
(1733, 15000, 4100, 6, 518, 139, 0, NULL, 'AQUITANIA', 'BOYACA'),
(1734, 15000, 4100, 6, 1051, 139, 0, NULL, 'ARCABUCO', 'BOYACA'),
(1735, 15000, 4100, 6, 537, 139, 0, NULL, 'BELEN', 'BOYACA'),
(1736, 15000, 4100, 6, 1053, 139, 0, NULL, 'BERBEO', 'BOYACA'),
(1737, 15000, 4100, 6, 1054, 139, 0, NULL, 'BETEITIVA', 'BOYACA'),
(1738, 15000, 4100, 6, 1055, 139, 0, NULL, 'BOAVITA', 'BOYACA'),
(1739, 15000, 4100, 6, 1056, 139, 0, NULL, 'BOYACA', 'BOYACA'),
(1740, 15000, 4100, 6, 1057, 139, 0, NULL, 'BRICEÑO', 'BOYACA'),
(1741, 15000, 4100, 6, 543, 139, 0, NULL, 'BUENAVISTA', 'BOYACA'),
(1742, 15000, 4100, 6, 1059, 139, 0, NULL, 'BUSBANZA', 'BOYACA'),
(1743, 15000, 4100, 6, 1061, 139, 0, NULL, 'CAMPOHERMOSO', 'BOYACA'),
(1744, 15000, 4100, 6, 1062, 139, 0, NULL, 'CERINZA', 'BOYACA'),
(1745, 15000, 4100, 6, 1063, 139, 0, NULL, 'CHINAVITA', 'BOYACA'),
(1746, 15000, 4100, 6, 569, 139, 0, NULL, 'CHIQUINQUIRA', 'BOYACA'),
(1747, 15000, 4100, 6, 1065, 139, 0, NULL, 'CHIQUIZA', 'BOYACA'),
(1748, 15000, 4100, 6, 1066, 139, 0, NULL, 'CHISCAS', 'BOYACA'),
(1749, 15000, 4100, 6, 1067, 139, 0, NULL, 'CHITA', 'BOYACA'),
(1750, 15000, 4100, 6, 1068, 139, 0, NULL, 'CHITARAQUE', 'BOYACA'),
(1751, 15000, 4100, 6, 1069, 139, 0, NULL, 'CHIVATA', 'BOYACA'),
(1752, 15000, 4100, 6, 1070, 139, 0, NULL, 'CHIVOR', 'BOYACA'),
(1753, 15000, 4100, 6, 1071, 139, 0, NULL, 'CIENEGA', 'BOYACA'),
(1754, 15000, 4100, 6, 1072, 139, 0, NULL, 'COMBITA', 'BOYACA'),
(1755, 15000, 4100, 6, 1073, 139, 0, NULL, 'COPER', 'BOYACA'),
(1756, 15000, 4100, 6, 1074, 139, 0, NULL, 'CORRALES', 'BOYACA'),
(1757, 15000, 4100, 6, 1075, 139, 0, NULL, 'COVARACHIA', 'BOYACA'),
(1758, 15000, 4100, 6, 1076, 139, 0, NULL, 'CUBARA', 'BOYACA'),
(1759, 15000, 4100, 6, 1077, 139, 0, NULL, 'CUCAITA', 'BOYACA'),
(1760, 15000, 4100, 6, 1078, 139, 0, NULL, 'CUITIVA', 'BOYACA'),
(1761, 14000, 4100, 6, 591, 139, 0, NULL, 'DUITAMA', 'BOYACA'),
(1762, 15000, 4100, 6, 594, 139, 0, NULL, 'EL COCUY', 'BOYACA'),
(1763, 15000, 4100, 6, 1081, 139, 0, NULL, 'EL ESPINO', 'BOYACA'),
(1764, 15000, 4100, 6, 1082, 139, 0, NULL, 'FIRAVITOBA', 'BOYACA'),
(1765, 15000, 4100, 6, 1083, 139, 0, NULL, 'FLORESTA', 'BOYACA'),
(1766, 15000, 4100, 6, 1084, 139, 0, NULL, 'GACHANTIVA', 'BOYACA'),
(1767, 15000, 4100, 6, 1085, 139, 0, NULL, 'GAMEZA', 'BOYACA'),
(1768, 15000, 4100, 6, 615, 139, 0, NULL, 'GARAGOA', 'BOYACA'),
(1769, 15000, 4100, 6, 1087, 139, 0, NULL, 'GUACAMAYAS', 'BOYACA'),
(1770, 15000, 4100, 6, 631, 139, 0, NULL, 'GUATEQUE', 'BOYACA'),
(1771, 15000, 4100, 6, 1089, 139, 0, NULL, 'GUAYATA', 'BOYACA'),
(1772, 15000, 4100, 6, 1090, 139, 0, NULL, 'GÜICAN', 'BOYACA'),
(1773, 15000, 4100, 6, 1091, 139, 0, NULL, 'IZA', 'BOYACA'),
(1774, 15000, 4100, 6, 644, 139, 0, NULL, 'JENESANO', 'BOYACA'),
(1775, 15000, 4100, 6, 1094, 139, 0, NULL, 'LA CAPILLA', 'BOYACA'),
(1776, 15000, 4100, 6, 1095, 139, 0, NULL, 'LA UVITA', 'BOYACA'),
(1777, 15000, 4100, 6, 1096, 139, 0, NULL, 'LA VICTORIA', 'BOYACA'),
(1778, 15000, 4100, 6, 1097, 139, 0, NULL, 'LABRANZAGRANDE', 'BOYACA'),
(1779, 15000, 4100, 6, 1098, 139, 0, NULL, 'MACANAL', 'BOYACA'),
(1780, 15000, 4100, 6, 1099, 139, 0, NULL, 'MARIPI', 'BOYACA'),
(1781, 15000, 4100, 6, 681, 139, 0, NULL, 'MIRAFLORES', 'BOYACA'),
(1782, 15000, 4100, 6, 1101, 139, 0, NULL, 'MONGUA', 'BOYACA'),
(1783, 15000, 4100, 6, 1102, 139, 0, NULL, 'MONGUI', 'BOYACA'),
(1784, 15000, 4100, 6, 685, 139, 0, NULL, 'MONIQUIRA', 'BOYACA'),
(1785, 15000, 4100, 6, 1104, 139, 0, NULL, 'MOTAVITA', 'BOYACA'),
(1786, 15000, 4100, 6, 690, 139, 0, NULL, 'MUZO', 'BOYACA'),
(1787, 15000, 4100, 6, 695, 139, 0, NULL, 'NOBSA', 'BOYACA'),
(1788, 15000, 4100, 6, 1107, 139, 0, NULL, 'NUEVO COLON', 'BOYACA');
INSERT INTO `campania_regiones_wdsl` (`idcampania_regiones_wdsl`, `precio`, `precio_extra`, `id`, `idProvince`, `idState`, `estatus`, `ip`, `procince_name`, `state_name`) VALUES
(1789, 15000, 4100, 6, 1108, 139, 0, NULL, 'OICATA', 'BOYACA'),
(1790, 15000, 4100, 6, 1109, 139, 0, NULL, 'OTANCHE', 'BOYACA'),
(1791, 15000, 4100, 6, 1110, 139, 0, NULL, 'PACHAVITA', 'BOYACA'),
(1792, 15000, 4100, 6, 1111, 139, 0, NULL, 'PAEZ', 'BOYACA'),
(1793, 15000, 4100, 6, 704, 139, 0, NULL, 'PAIPA', 'BOYACA'),
(1794, 15000, 4100, 6, 1113, 139, 0, NULL, 'PAJARITO', 'BOYACA'),
(1795, 15000, 4100, 6, 1114, 139, 0, NULL, 'PANQUEBA', 'BOYACA'),
(1796, 15000, 4100, 6, 1115, 139, 0, NULL, 'PAUNA', 'BOYACA'),
(1797, 15000, 4100, 6, 1116, 139, 0, NULL, 'PAYA', 'BOYACA'),
(1798, 15000, 4100, 6, 714, 139, 0, NULL, 'PAZ DE RIO', 'BOYACA'),
(1799, 15000, 4100, 6, 1118, 139, 0, NULL, 'PESCA', 'BOYACA'),
(1800, 15000, 4100, 6, 1119, 139, 0, NULL, 'PISBA', 'BOYACA'),
(1801, 15000, 4100, 6, 729, 139, 0, NULL, 'PUERTO BOYACA', 'BOYACA'),
(1802, 15000, 4100, 6, 1121, 139, 0, NULL, 'QUIPAMA', 'BOYACA'),
(1803, 15000, 4100, 6, 740, 139, 0, NULL, 'RAMIRIQUI', 'BOYACA'),
(1804, 15000, 4100, 6, 1123, 139, 0, NULL, 'RAQUIRA', 'BOYACA'),
(1805, 15000, 4100, 6, 1124, 139, 0, NULL, 'RONDON', 'BOYACA'),
(1806, 15000, 4100, 6, 1125, 139, 0, NULL, 'SABOYA', 'BOYACA'),
(1807, 15000, 4100, 6, 1126, 139, 0, NULL, 'SACHICA', 'BOYACA'),
(1808, 15000, 4100, 6, 759, 139, 0, NULL, 'SAMACA', 'BOYACA'),
(1809, 15000, 4100, 6, 1128, 139, 0, NULL, 'SAN EDUARDO', 'BOYACA'),
(1810, 15000, 4100, 6, 1129, 139, 0, NULL, 'SAN JOSE DE PARE', 'BOYACA'),
(1811, 15000, 4100, 6, 1130, 139, 0, NULL, 'SAN LUIS DE GACENO', 'BOYACA'),
(1812, 15000, 4100, 6, 1131, 139, 0, NULL, 'SAN MATEO', 'BOYACA'),
(1813, 15000, 4100, 6, 1132, 139, 0, NULL, 'SAN MIGUEL DE SEMA', 'BOYACA'),
(1814, 15000, 4100, 6, 1133, 139, 0, NULL, 'SAN PABLO DE BORBUR', 'BOYACA'),
(1815, 15000, 4100, 6, 786, 139, 0, NULL, 'SANTA ROSA DE VITERBO', 'BOYACA'),
(1816, 15000, 4100, 6, 1136, 139, 0, NULL, 'SANTA SOFIA', 'BOYACA'),
(1817, 15000, 4100, 6, 788, 139, 0, NULL, 'SANTANA', 'BOYACA'),
(1818, 15000, 4100, 6, 1138, 139, 0, NULL, 'SATIVANORTE', 'BOYACA'),
(1819, 15000, 4100, 6, 1139, 139, 0, NULL, 'SATIVASUR', 'BOYACA'),
(1820, 15000, 4100, 6, 1140, 139, 0, NULL, 'SIACHOQUE', 'BOYACA'),
(1821, 15000, 4100, 6, 801, 139, 0, NULL, 'SOATA', 'BOYACA'),
(1822, 15000, 4100, 6, 802, 139, 0, NULL, 'SOCHA', 'BOYACA'),
(1823, 15000, 4100, 6, 1143, 139, 0, NULL, 'SOCOTA', 'BOYACA'),
(1824, 15000, 4100, 6, 804, 139, 0, NULL, 'SOGAMOSO', 'BOYACA'),
(1825, 15000, 4100, 6, 1145, 139, 0, NULL, 'SOMONDOCO', 'BOYACA'),
(1826, 15000, 4100, 6, 1146, 139, 0, NULL, 'SORA', 'BOYACA'),
(1827, 15000, 4100, 6, 808, 139, 0, NULL, 'SORACA', 'BOYACA'),
(1828, 15000, 4100, 6, 1148, 139, 0, NULL, 'SOTAQUIRA', 'BOYACA'),
(1829, 15000, 4100, 6, 1149, 139, 0, NULL, 'SUSACON', 'BOYACA'),
(1830, 15000, 4100, 6, 811, 139, 0, NULL, 'SUTAMARCHAN', 'BOYACA'),
(1831, 15000, 4100, 6, 1151, 139, 0, NULL, 'SUTATENZA', 'BOYACA'),
(1832, 15000, 4100, 6, 1152, 139, 0, NULL, 'TASCO', 'BOYACA'),
(1833, 15000, 4100, 6, 816, 139, 0, NULL, 'TENZA', 'BOYACA'),
(1834, 15000, 4100, 6, 1154, 139, 0, NULL, 'TIBANA', 'BOYACA'),
(1835, 15000, 4100, 6, 1155, 139, 0, NULL, 'TIBASOSA', 'BOYACA'),
(1836, 15000, 4100, 6, 1156, 139, 0, NULL, 'TINJACA', 'BOYACA'),
(1837, 15000, 4100, 6, 1157, 139, 0, NULL, 'TIPACOQUE', 'BOYACA'),
(1838, 15000, 4100, 6, 1158, 139, 0, NULL, 'TOCA', 'BOYACA'),
(1839, 15000, 4100, 6, 1159, 139, 0, NULL, 'TOGÜI', 'BOYACA'),
(1840, 15000, 4100, 6, 1160, 139, 0, NULL, 'TOPAGA', 'BOYACA'),
(1841, 15000, 4100, 6, 1161, 139, 0, NULL, 'TOTA', 'BOYACA'),
(1842, 14000, 4100, 6, 825, 139, 0, NULL, 'TUNJA', 'BOYACA'),
(1843, 15000, 4100, 6, 1163, 139, 0, NULL, 'TUNUNGUA', 'BOYACA'),
(1844, 15000, 4100, 6, 1164, 139, 0, NULL, 'TURMEQUE', 'BOYACA'),
(1845, 15000, 4100, 6, 829, 139, 0, NULL, 'TUTA', 'BOYACA'),
(1846, 15000, 4100, 6, 1166, 139, 0, NULL, 'TUTAZA', 'BOYACA'),
(1847, 15000, 4100, 6, 1167, 139, 0, NULL, 'UMBITA', 'BOYACA'),
(1848, 15000, 4100, 6, 1168, 139, 0, NULL, 'VENTAQUEMADA', 'BOYACA'),
(1849, 15000, 4100, 6, 836, 139, 0, NULL, 'VILLA DE LEYVA', 'BOYACA'),
(1850, 15000, 4100, 6, 1170, 139, 0, NULL, 'VIRACACHA', 'BOYACA'),
(1851, 15000, 4100, 6, 1171, 139, 0, NULL, 'ZETAQUIRA', 'BOYACA'),
(1852, 15000, 4100, 6, 502, 131, 0, NULL, 'AGUADAS', 'CALDAS'),
(1853, 15000, 4100, 6, 515, 131, 0, NULL, 'ANSERMA', 'CALDAS'),
(1854, 15000, 4100, 6, 520, 131, 0, NULL, 'ARANZAZU', 'CALDAS'),
(1855, 15000, 4100, 6, 536, 131, 0, NULL, 'BELALCAZAR', 'CALDAS'),
(1856, 15000, 4100, 6, 568, 131, 0, NULL, 'CHINCHINA', 'CALDAS'),
(1857, 15000, 4100, 6, 1178, 131, 0, NULL, 'FILADELFIA', 'CALDAS'),
(1858, 15000, 4100, 6, 649, 131, 0, NULL, 'LA DORADA', 'CALDAS'),
(1859, 15000, 4100, 6, 1180, 131, 0, NULL, 'LA MERCED', 'CALDAS'),
(1860, 11500, 3500, 6, 672, 131, 0, NULL, 'MANIZALES', 'CALDAS'),
(1861, 15000, 4100, 6, 673, 131, 0, NULL, 'MANZANARES', 'CALDAS'),
(1862, 15000, 4100, 6, 1182, 131, 0, NULL, 'MARMATO', 'CALDAS'),
(1863, 15000, 4100, 6, 1183, 131, 0, NULL, 'MARQUETALIA', 'CALDAS'),
(1864, 15000, 4100, 6, 1184, 131, 0, NULL, 'MARULANDA', 'CALDAS'),
(1865, 15000, 4100, 6, 693, 131, 0, NULL, 'NEIRA', 'CALDAS'),
(1866, 15000, 4100, 6, 1186, 131, 0, NULL, 'NORCASIA', 'CALDAS'),
(1867, 15000, 4100, 6, 702, 131, 0, NULL, 'PACORA', 'CALDAS'),
(1868, 15000, 4100, 6, 706, 131, 0, NULL, 'PALESTINA', 'CALDAS'),
(1869, 15000, 4100, 6, 716, 131, 0, NULL, 'PENSILVANIA', 'CALDAS'),
(1870, 15000, 4100, 6, 748, 131, 0, NULL, 'RIOSUCIO', 'CALDAS'),
(1871, 15000, 4100, 6, 749, 131, 0, NULL, 'RISARALDA', 'CALDAS'),
(1872, 15000, 4100, 6, 757, 131, 0, NULL, 'SALAMINA', 'CALDAS'),
(1873, 15000, 4100, 6, 1193, 131, 0, NULL, 'SAMANA', 'CALDAS'),
(1874, 15000, 4100, 6, 769, 131, 0, NULL, 'SAN JOSE', 'CALDAS'),
(1875, 15000, 4100, 6, 810, 131, 0, NULL, 'SUPIA', 'CALDAS'),
(1876, 15000, 4100, 6, 1196, 131, 0, NULL, 'VICTORIA', 'CALDAS'),
(1877, 15000, 4100, 6, 841, 131, 0, NULL, 'VILLAMARIA', 'CALDAS'),
(1878, 15000, 4100, 6, 1198, 131, 0, NULL, 'VITERBO', 'CALDAS'),
(1879, 15000, 4100, 6, 1200, 152, 0, NULL, 'BELEN DE LOS ANDAQUIES', 'CAQUETA'),
(1880, 15000, 4100, 6, 1201, 152, 0, NULL, 'CARTAGENA DEL CHAIRA', 'CAQUETA'),
(1881, 15000, 4100, 6, 1202, 152, 0, NULL, 'CURILLO', 'CAQUETA'),
(1882, 15000, 4100, 6, 1203, 152, 0, NULL, 'EL DONCELLO', 'CAQUETA'),
(1883, 15000, 4100, 6, 1204, 152, 0, NULL, 'EL PAUJIL', 'CAQUETA'),
(1884, 15000, 4100, 6, 602, 152, 0, NULL, 'FLORENCIA', 'CAQUETA'),
(1885, 15000, 4100, 6, 1206, 152, 0, NULL, 'LA MONTAÑITA', 'CAQUETA'),
(1886, 15000, 4100, 6, 1207, 152, 0, NULL, 'MILAN', 'CAQUETA'),
(1887, 15000, 4100, 6, 1208, 152, 0, NULL, 'MORELIA', 'CAQUETA'),
(1888, 15000, 4100, 6, 1209, 152, 0, NULL, 'PUERTO RICO', 'CAQUETA'),
(1889, 15000, 4100, 6, 1210, 152, 0, NULL, 'SAN JOSE DEL FRAGUA', 'CAQUETA'),
(1890, 15000, 4100, 6, 779, 152, 0, NULL, 'SAN VICENTE DEL CAGUAN', 'CAQUETA'),
(1891, 15000, 4100, 6, 1212, 152, 0, NULL, 'SOLANO', 'CAQUETA'),
(1892, 15000, 4100, 6, 1213, 152, 0, NULL, 'SOLITA', 'CAQUETA'),
(1893, 15000, 4100, 6, 1214, 152, 0, NULL, 'VALPARAISO', 'CAQUETA'),
(1894, 15000, 4100, 6, 503, 132, 0, NULL, 'AGUAZUL', 'CASANARE'),
(1895, 15000, 4100, 6, 1909, 132, 0, NULL, 'CHAMEZA', 'CASANARE'),
(1896, 15000, 4100, 6, 1910, 132, 0, NULL, 'HATO COROZAL', 'CASANARE'),
(1897, 15000, 4100, 6, 656, 132, 0, NULL, 'LA SALINA', 'CASANARE'),
(1898, 15000, 4100, 6, 1912, 132, 0, NULL, 'MANI', 'CASANARE'),
(1899, 15000, 4100, 6, 687, 132, 0, NULL, 'MONTERREY', 'CASANARE'),
(1900, 15000, 4100, 6, 1914, 132, 0, NULL, 'NUNCHIA', 'CASANARE'),
(1901, 15000, 4100, 6, 1915, 132, 0, NULL, 'OROCUE', 'CASANARE'),
(1902, 15000, 4100, 6, 1916, 132, 0, NULL, 'PAZ DE ARIPORO', 'CASANARE'),
(1903, 15000, 4100, 6, 1917, 132, 0, NULL, 'PORE', 'CASANARE'),
(1904, 15000, 4100, 6, 1918, 132, 0, NULL, 'RECETOR', 'CASANARE'),
(1905, 15000, 4100, 6, 1920, 132, 0, NULL, 'SACAMA', 'CASANARE'),
(1906, 15000, 4100, 6, 1921, 132, 0, NULL, 'SAN LUIS DE PALENQUE', 'CASANARE'),
(1907, 15000, 4100, 6, 1922, 132, 0, NULL, 'TAMARA', 'CASANARE'),
(1908, 15000, 4100, 6, 815, 132, 0, NULL, 'TAURAMENA', 'CASANARE'),
(1909, 15000, 4100, 6, 1924, 132, 0, NULL, 'TRINIDAD', 'CASANARE'),
(1910, 15000, 4100, 6, 842, 132, 0, NULL, 'VILLANUEVA', 'CASANARE'),
(1911, 15000, 4100, 6, 849, 132, 0, NULL, 'YOPAL', 'CASANARE'),
(1912, 15000, 4100, 6, 1215, 155, 0, NULL, 'ALMAGUER', 'CAUCA'),
(1913, 15000, 4100, 6, 1862, 155, 0, NULL, 'ANSERMANUEVO', 'CAUCA'),
(1914, 15000, 4100, 6, 1863, 155, 0, NULL, 'ARGELIA', 'CAUCA'),
(1915, 15000, 4100, 6, 1216, 155, 0, NULL, 'ARGELIA', 'CAUCA'),
(1916, 15000, 4100, 6, 1864, 155, 0, NULL, 'BOLIVAR', 'CAUCA'),
(1917, 15000, 4100, 6, 1218, 155, 0, NULL, 'BOLIVAR', 'CAUCA'),
(1918, 15000, 4100, 6, 1219, 155, 0, NULL, 'BUENOS AIRES', 'CAUCA'),
(1919, 15000, 4100, 6, 1220, 155, 0, NULL, 'CAJIBIO', 'CAUCA'),
(1920, 15000, 4100, 6, 1221, 155, 0, NULL, 'CALDONO', 'CAUCA'),
(1921, 15000, 4100, 6, 1868, 155, 0, NULL, 'CALIMA', 'CAUCA'),
(1922, 15000, 4100, 6, 1222, 155, 0, NULL, 'CALOTO', 'CAUCA'),
(1923, 15000, 4100, 6, 1223, 155, 0, NULL, 'CALOTO', 'CAUCA'),
(1924, 15000, 4100, 6, 1224, 155, 0, NULL, 'CORINTO', 'CAUCA'),
(1925, 15000, 4100, 6, 1872, 155, 0, NULL, 'EL AGUILA', 'CAUCA'),
(1926, 15000, 4100, 6, 1873, 155, 0, NULL, 'EL CAIRO', 'CAUCA'),
(1927, 15000, 4100, 6, 1875, 155, 0, NULL, 'EL DOVIO', 'CAUCA'),
(1928, 15000, 4100, 6, 1225, 155, 0, NULL, 'EL TAMBO', 'CAUCA'),
(1929, 15000, 4100, 6, 1879, 155, 0, NULL, 'GUADALAJARA DE BUGA', 'CAUCA'),
(1930, 15000, 4100, 6, 1227, 155, 0, NULL, 'GUAPI', 'CAUCA'),
(1931, 15000, 4100, 6, 1228, 155, 0, NULL, 'INZA', 'CAUCA'),
(1932, 15000, 4100, 6, 1229, 155, 0, NULL, 'JAMBALO', 'CAUCA'),
(1933, 15000, 4100, 6, 1881, 155, 0, NULL, 'LA CUMBRE', 'CAUCA'),
(1934, 15000, 4100, 6, 1230, 155, 0, NULL, 'LA SIERRA', 'CAUCA'),
(1935, 15000, 4100, 6, 1883, 155, 0, NULL, 'LA VICTORIA', 'CAUCA'),
(1936, 15000, 4100, 6, 1232, 155, 0, NULL, 'LOPEZ', 'CAUCA'),
(1937, 15000, 4100, 6, 1233, 155, 0, NULL, 'MERCADERES', 'CAUCA'),
(1938, 15000, 4100, 6, 1234, 155, 0, NULL, 'MIRANDA', 'CAUCA'),
(1939, 15000, 4100, 6, 1235, 155, 0, NULL, 'MORALES', 'CAUCA'),
(1940, 15000, 4100, 6, 1236, 155, 0, NULL, 'PADILLA', 'CAUCA'),
(1941, 15000, 4100, 6, 1237, 155, 0, NULL, 'PAEZ', 'CAUCA'),
(1942, 15000, 4100, 6, 1238, 155, 0, NULL, 'PATIA', 'CAUCA'),
(1943, 15000, 4100, 6, 1239, 155, 0, NULL, 'PIAMONTE', 'CAUCA'),
(1944, 15000, 4100, 6, 719, 155, 0, NULL, 'PIENDAMO', 'CAUCA'),
(1945, 14000, 4100, 6, 723, 155, 0, NULL, 'POPAYAN', 'CAUCA'),
(1946, 15000, 4100, 6, 734, 155, 0, NULL, 'PUERTO TEJADA', 'CAUCA'),
(1947, 15000, 4100, 6, 1243, 155, 0, NULL, 'PURACE', 'CAUCA'),
(1948, 15000, 4100, 6, 1244, 155, 0, NULL, 'ROSAS', 'CAUCA'),
(1949, 15000, 4100, 6, 1245, 155, 0, NULL, 'SAN SEBASTIAN', 'CAUCA'),
(1950, 15000, 4100, 6, 1246, 155, 0, NULL, 'SANTA ROSA', 'CAUCA'),
(1951, 15000, 4100, 6, 789, 155, 0, NULL, 'SANTANDER DE QUILICHAO', 'CAUCA'),
(1952, 15000, 4100, 6, 1248, 155, 0, NULL, 'SILVIA', 'CAUCA'),
(1953, 15000, 4100, 6, 1249, 155, 0, NULL, 'SOTARA', 'CAUCA'),
(1954, 15000, 4100, 6, 1250, 155, 0, NULL, 'SUAREZ', 'CAUCA'),
(1955, 15000, 4100, 6, 1251, 155, 0, NULL, 'SUCRE', 'CAUCA'),
(1956, 15000, 4100, 6, 1252, 155, 0, NULL, 'TIMBIO', 'CAUCA'),
(1957, 15000, 4100, 6, 1253, 155, 0, NULL, 'TIMBIQUI', 'CAUCA'),
(1958, 15000, 4100, 6, 1254, 155, 0, NULL, 'TORIBIO', 'CAUCA'),
(1959, 15000, 4100, 6, 1892, 155, 0, NULL, 'TORO', 'CAUCA'),
(1960, 15000, 4100, 6, 1255, 155, 0, NULL, 'TOTORO', 'CAUCA'),
(1961, 15000, 4100, 6, 1893, 155, 0, NULL, 'TRUJILLO', 'CAUCA'),
(1962, 15000, 4100, 6, 1895, 155, 0, NULL, 'ULLOA', 'CAUCA'),
(1963, 15000, 4100, 6, 1896, 155, 0, NULL, 'VERSALLES', 'CAUCA'),
(1964, 15000, 4100, 6, 1897, 155, 0, NULL, 'VIJES', 'CAUCA'),
(1965, 15000, 4100, 6, 1256, 155, 0, NULL, 'VILLA RICA', 'CAUCA'),
(1966, 15000, 4100, 6, 844, 155, 0, NULL, 'VILLARRICA', 'CAUCA'),
(1967, 14000, 4100, 6, 501, 130, 0, NULL, 'AGUACHICA', 'CESAR'),
(1968, 15000, 4100, 6, 1258, 130, 0, NULL, 'AGUSTIN CODAZZI', 'CESAR'),
(1969, 15000, 4100, 6, 525, 130, 0, NULL, 'ASTREA', 'CESAR'),
(1970, 15000, 4100, 6, 535, 130, 0, NULL, 'BECERRIL', 'CESAR'),
(1971, 12000, 2000, 6, 540, 130, 0, NULL, 'BOSCONIA', 'CESAR'),
(1972, 15000, 4100, 6, 1262, 130, 0, NULL, 'CHIMICHAGUA', 'CESAR'),
(1973, 15000, 4100, 6, 1263, 130, 0, NULL, 'CHIRIGUANA', 'CESAR'),
(1974, 14000, 4100, 6, 574, 130, 0, NULL, 'CODAZZI', 'CESAR'),
(1975, 15000, 4100, 6, 577, 130, 0, NULL, 'COPEY', 'CESAR'),
(1976, 15000, 4100, 6, 585, 130, 0, NULL, 'CURUMANI', 'CESAR'),
(1977, 15000, 4100, 6, 1265, 130, 0, NULL, 'EL COPEY', 'CESAR'),
(1978, 15000, 4100, 6, 1266, 130, 0, NULL, 'EL PASO', 'CESAR'),
(1979, 15000, 4100, 6, 614, 130, 0, NULL, 'GAMARRA', 'CESAR'),
(1980, 15000, 4100, 6, 1268, 130, 0, NULL, 'GONZALEZ', 'CESAR'),
(1981, 15000, 4100, 6, 1269, 130, 0, NULL, 'LA GLORIA', 'CESAR'),
(1982, 15000, 4100, 6, 651, 130, 0, NULL, 'LA JAGUA DE IBIRICO', 'CESAR'),
(1983, 15000, 4100, 6, 652, 130, 0, NULL, 'LA LOMA', 'CESAR'),
(1984, 15000, 4100, 6, 654, 130, 0, NULL, 'LA PAZ', 'CESAR'),
(1985, 15000, 4100, 6, 1272, 130, 0, NULL, 'MANAURE', 'CESAR'),
(1986, 15000, 4100, 6, 703, 130, 0, NULL, 'PAILITAS', 'CESAR'),
(1987, 15000, 4100, 6, 715, 130, 0, NULL, 'PELAYA', 'CESAR'),
(1988, 15000, 4100, 6, 1275, 130, 0, NULL, 'PUEBLO BELLO', 'CESAR'),
(1989, 15000, 4100, 6, 1276, 130, 0, NULL, 'RIO DE ORO', 'CESAR'),
(1990, 15000, 4100, 6, 763, 130, 0, NULL, 'SAN ALBERTO', 'CESAR'),
(1991, 15000, 4100, 6, 1278, 130, 0, NULL, 'SAN DIEGO', 'CESAR'),
(1992, 15000, 4100, 6, 773, 130, 0, NULL, 'SAN MARTIN', 'CESAR'),
(1993, 15000, 4100, 6, 1280, 130, 0, NULL, 'TAMALAMEQUE', 'CESAR'),
(1994, 12000, 2000, 6, 832, 130, 0, NULL, 'VALLEDUPAR', 'CESAR'),
(1995, 15000, 4100, 6, 1428, 148, 0, NULL, 'ACANDI', 'CHOCO'),
(1996, 15000, 4100, 6, 1429, 148, 0, NULL, 'ALTO BAUDO', 'CHOCO'),
(1997, 15000, 4100, 6, 1430, 148, 0, NULL, 'ATRATO', 'CHOCO'),
(1998, 15000, 4100, 6, 1431, 148, 0, NULL, 'BAGADO', 'CHOCO'),
(1999, 15000, 4100, 6, 1432, 148, 0, NULL, 'BAHIA SOLANO', 'CHOCO'),
(2000, 15000, 4100, 6, 1433, 148, 0, NULL, 'BAJO BAUDO', 'CHOCO'),
(2001, 15000, 4100, 6, 1434, 148, 0, NULL, 'BOJAYA', 'CHOCO'),
(2002, 11500, 3500, 6, 558, 148, 0, NULL, 'CARMEN DEL DARIEN', 'CHOCO'),
(2003, 15000, 4100, 6, 1436, 148, 0, NULL, 'CERTEGUI', 'CHOCO'),
(2004, 15000, 4100, 6, 1437, 148, 0, NULL, 'CONDOTO', 'CHOCO'),
(2005, 15000, 4100, 6, 1438, 148, 0, NULL, 'EL CANTON DEL SAN PABLO', 'CHOCO'),
(2006, 15000, 4100, 6, 1439, 148, 0, NULL, 'EL CARMEN DE ATRATO', 'CHOCO'),
(2007, 15000, 4100, 6, 1440, 148, 0, NULL, 'EL LITORAL DEL SAN JUAN', 'CHOCO'),
(2008, 15000, 4100, 6, 640, 148, 0, NULL, 'ISTMINA', 'CHOCO'),
(2009, 15000, 4100, 6, 1442, 148, 0, NULL, 'JURADO', 'CHOCO'),
(2010, 15000, 4100, 6, 1443, 148, 0, NULL, 'LLORO', 'CHOCO'),
(2011, 15000, 4100, 6, 1444, 148, 0, NULL, 'MEDIO ATRATO', 'CHOCO'),
(2012, 15000, 4100, 6, 1445, 148, 0, NULL, 'MEDIO BAUDO', 'CHOCO'),
(2013, 15000, 4100, 6, 1446, 148, 0, NULL, 'MEDIO SAN JUAN', 'CHOCO'),
(2014, 15000, 4100, 6, 1447, 148, 0, NULL, 'NOVITA', 'CHOCO'),
(2015, 15000, 4100, 6, 1448, 148, 0, NULL, 'NUQUI', 'CHOCO'),
(2016, 15000, 4100, 6, 737, 148, 0, NULL, 'QUIBDO', 'CHOCO'),
(2017, 15000, 4100, 6, 1450, 148, 0, NULL, 'RIO IRO', 'CHOCO'),
(2018, 15000, 4100, 6, 1451, 148, 0, NULL, 'RIO QUITO', 'CHOCO'),
(2019, 15000, 4100, 6, 1453, 148, 0, NULL, 'SAN JOSE DEL PALMAR', 'CHOCO'),
(2020, 15000, 4100, 6, 1454, 148, 0, NULL, 'SIPI', 'CHOCO'),
(2021, 15000, 4100, 6, 1455, 148, 0, NULL, 'TADO', 'CHOCO'),
(2022, 15000, 4100, 6, 1456, 148, 0, NULL, 'UNGUIA', 'CHOCO'),
(2023, 15000, 4100, 6, 1457, 148, 0, NULL, 'UNION PANAMERICANA', 'CHOCO'),
(2024, 15000, 4100, 6, 1282, 149, 0, NULL, 'AYAPEL', 'CORDOBA'),
(2025, 15000, 4100, 6, 1284, 149, 0, NULL, 'CANALETE', 'CORDOBA'),
(2026, 15000, 4100, 6, 1285, 149, 0, NULL, 'CERETE', 'CORDOBA'),
(2027, 15000, 4100, 6, 1286, 149, 0, NULL, 'CHIMA', 'CORDOBA'),
(2028, 15000, 4100, 6, 1287, 149, 0, NULL, 'CHINU', 'CORDOBA'),
(2029, 15000, 4100, 6, 1288, 149, 0, NULL, 'CIENAGA DE ORO', 'CORDOBA'),
(2030, 15000, 4100, 6, 1289, 149, 0, NULL, 'COTORRA', 'CORDOBA'),
(2031, 15000, 4100, 6, 1290, 149, 0, NULL, 'LA APARTADA', 'CORDOBA'),
(2032, 15000, 4100, 6, 1291, 149, 0, NULL, 'LORICA', 'CORDOBA'),
(2033, 15000, 4100, 6, 1292, 149, 0, NULL, 'LOS CORDOBAS', 'CORDOBA'),
(2034, 15000, 4100, 6, 1293, 149, 0, NULL, 'MOMIL', 'CORDOBA'),
(2035, 15000, 4100, 6, 1296, 149, 0, NULL, 'MOÑITOS', 'CORDOBA'),
(2036, 15000, 4100, 6, 1294, 149, 0, NULL, 'MONTELIBANO', 'CORDOBA'),
(2037, 12000, 2000, 6, 1295, 149, 0, NULL, 'MONTERIA', 'CORDOBA'),
(2038, 12000, 2000, 6, 1297, 149, 0, NULL, 'PLANETA RICA', 'CORDOBA'),
(2039, 15000, 4100, 6, 1299, 149, 0, NULL, 'PUERTO ESCONDIDO', 'CORDOBA'),
(2040, 15000, 4100, 6, 1300, 149, 0, NULL, 'PUERTO LIBERTADOR', 'CORDOBA'),
(2041, 15000, 4100, 6, 1301, 149, 0, NULL, 'PURISIMA', 'CORDOBA'),
(2042, 12000, 2000, 6, 1302, 149, 0, NULL, 'SAHAGUN', 'CORDOBA'),
(2043, 15000, 4100, 6, 1303, 149, 0, NULL, 'SAN ANDRES SOTAVENTO', 'CORDOBA'),
(2044, 15000, 4100, 6, 1304, 149, 0, NULL, 'SAN ANTERO', 'CORDOBA'),
(2045, 15000, 4100, 6, 1305, 149, 0, NULL, 'SAN BERNARDO DEL VIENTO', 'CORDOBA'),
(2046, 15000, 4100, 6, 1306, 149, 0, NULL, 'SAN CARLOS', 'CORDOBA'),
(2047, 15000, 4100, 6, 1307, 149, 0, NULL, 'SAN JOSE DE URE', 'CORDOBA'),
(2048, 15000, 4100, 6, 1308, 149, 0, NULL, 'SAN PELAYO', 'CORDOBA'),
(2049, 15000, 4100, 6, 1309, 149, 0, NULL, 'TIERRALTA', 'CORDOBA'),
(2050, 15000, 4100, 6, 1310, 149, 0, NULL, 'TUCHIN', 'CORDOBA'),
(2051, 15000, 4100, 6, 1311, 149, 0, NULL, 'VALENCIA', 'CORDOBA'),
(2052, 15000, 4100, 6, 500, 129, 0, NULL, 'AGUA DE DIOS', 'CUNDINAMARCA'),
(2053, 15000, 4100, 6, 1313, 129, 0, NULL, 'ALBAN', 'CUNDINAMARCA'),
(2054, 15000, 4100, 6, 511, 129, 0, NULL, 'ANAPOIMA', 'CUNDINAMARCA'),
(2055, 15000, 4100, 6, 514, 129, 0, NULL, 'ANOLAIMA', 'CUNDINAMARCA'),
(2056, 15000, 4100, 6, 517, 129, 0, NULL, 'APULO', 'CUNDINAMARCA'),
(2057, 15000, 4100, 6, 1317, 129, 0, NULL, 'ARBELAEZ', 'CUNDINAMARCA'),
(2058, 15000, 4100, 6, 1318, 129, 0, NULL, 'BELTRAN', 'CUNDINAMARCA'),
(2059, 15000, 4100, 6, 1319, 129, 0, NULL, 'BITUIMA', 'CUNDINAMARCA'),
(2060, 15000, 4100, 6, 1320, 129, 0, NULL, 'BOJACA', 'CUNDINAMARCA'),
(2061, 15000, 4100, 6, 1321, 129, 0, NULL, 'CABRERA', 'CUNDINAMARCA'),
(2062, 15000, 4100, 6, 546, 129, 0, NULL, 'CACHIPAY', 'CUNDINAMARCA'),
(2063, 12000, 2000, 6, 549, 129, 0, NULL, 'CAJICA', 'CUNDINAMARCA'),
(2064, 15000, 4100, 6, 1324, 129, 0, NULL, 'CAPARRAPI', 'CUNDINAMARCA'),
(2065, 15000, 4100, 6, 1325, 129, 0, NULL, 'CAQUEZA', 'CUNDINAMARCA'),
(2066, 15000, 4100, 6, 1326, 129, 0, NULL, 'CARMEN DE CARUPA', 'CUNDINAMARCA'),
(2067, 15000, 4100, 6, 1327, 129, 0, NULL, 'CHAGUANI', 'CUNDINAMARCA'),
(2068, 12000, 2000, 6, 565, 129, 0, NULL, 'CHIA', 'CUNDINAMARCA'),
(2069, 15000, 4100, 6, 1329, 129, 0, NULL, 'CHIPAQUE', 'CUNDINAMARCA'),
(2070, 15000, 4100, 6, 1330, 129, 0, NULL, 'CHOACHI', 'CUNDINAMARCA'),
(2071, 15000, 4100, 6, 570, 129, 0, NULL, 'CHOCONTA', 'CUNDINAMARCA'),
(2072, 15000, 4100, 6, 1332, 129, 0, NULL, 'COGUA', 'CUNDINAMARCA'),
(2073, 15000, 4100, 6, 579, 129, 0, NULL, 'COTA', 'CUNDINAMARCA'),
(2074, 15000, 4100, 6, 1334, 129, 0, NULL, 'CUCUNUBA', 'CUNDINAMARCA'),
(2075, 15000, 4100, 6, 1335, 129, 0, NULL, 'EL COLEGIO', 'CUNDINAMARCA'),
(2076, 15000, 4100, 6, 1336, 129, 0, NULL, 'EL PEÑON', 'CUNDINAMARCA'),
(2077, 15000, 4100, 6, 1337, 129, 0, NULL, 'EL ROSAL', 'CUNDINAMARCA'),
(2078, 12000, 2000, 6, 600, 129, 0, NULL, 'FACATATIVA', 'CUNDINAMARCA'),
(2079, 15000, 4100, 6, 605, 129, 0, NULL, 'FOMEQUE', 'CUNDINAMARCA'),
(2080, 15000, 4100, 6, 1340, 129, 0, NULL, 'FOSCA', 'CUNDINAMARCA'),
(2081, 12000, 2000, 6, 611, 129, 0, NULL, 'FUNZA', 'CUNDINAMARCA'),
(2082, 15000, 4100, 6, 1342, 129, 0, NULL, 'FUQUENE', 'CUNDINAMARCA'),
(2083, 14000, 4100, 6, 612, 129, 0, NULL, 'FUSAGASUGA', 'CUNDINAMARCA'),
(2084, 15000, 4100, 6, 1344, 129, 0, NULL, 'GACHALA', 'CUNDINAMARCA'),
(2085, 15000, 4100, 6, 1345, 129, 0, NULL, 'GACHANCIPA', 'CUNDINAMARCA'),
(2086, 15000, 4100, 6, 1346, 129, 0, NULL, 'GACHETA', 'CUNDINAMARCA'),
(2087, 15000, 4100, 6, 1347, 129, 0, NULL, 'GAMA', 'CUNDINAMARCA'),
(2088, 14000, 4100, 6, 620, 129, 0, NULL, 'GIRARDOT', 'CUNDINAMARCA'),
(2089, 15000, 4100, 6, 1350, 129, 0, NULL, 'GUACHETA', 'CUNDINAMARCA'),
(2090, 15000, 4100, 6, 625, 129, 0, NULL, 'GUADUAS', 'CUNDINAMARCA'),
(2091, 15000, 4100, 6, 630, 129, 0, NULL, 'GUASCA', 'CUNDINAMARCA'),
(2092, 15000, 4100, 6, 1353, 129, 0, NULL, 'GUATAQUI', 'CUNDINAMARCA'),
(2093, 15000, 4100, 6, 1354, 129, 0, NULL, 'GUATAVITA', 'CUNDINAMARCA'),
(2094, 15000, 4100, 6, 1355, 129, 0, NULL, 'GUAYABAL DE SIQUIMA', 'CUNDINAMARCA'),
(2095, 15000, 4100, 6, 1356, 129, 0, NULL, 'GUAYABETAL', 'CUNDINAMARCA'),
(2096, 15000, 4100, 6, 1357, 129, 0, NULL, 'GUTIERREZ', 'CUNDINAMARCA'),
(2097, 15000, 4100, 6, 1358, 129, 0, NULL, 'JERUSALEN', 'CUNDINAMARCA'),
(2098, 15000, 4100, 6, 1359, 129, 0, NULL, 'JUNIN', 'CUNDINAMARCA'),
(2099, 12000, 2000, 6, 646, 129, 0, NULL, 'LA CALERA', 'CUNDINAMARCA'),
(2100, 15000, 4100, 6, 653, 129, 0, NULL, 'LA MESA', 'CUNDINAMARCA'),
(2101, 15000, 4100, 6, 1362, 129, 0, NULL, 'LA PALMA', 'CUNDINAMARCA'),
(2102, 15000, 4100, 6, 1363, 129, 0, NULL, 'LA PEÑA', 'CUNDINAMARCA'),
(2103, 15000, 4100, 6, 661, 129, 0, NULL, 'LA VEGA', 'CUNDINAMARCA'),
(2104, 15000, 4100, 6, 1365, 129, 0, NULL, 'LENGUAZAQUE', 'CUNDINAMARCA'),
(2105, 15000, 4100, 6, 1366, 129, 0, NULL, 'MACHETA', 'CUNDINAMARCA'),
(2106, 15000, 4100, 6, 667, 129, 0, NULL, 'MADRID', 'CUNDINAMARCA'),
(2107, 15000, 4100, 6, 1368, 129, 0, NULL, 'MANTA', 'CUNDINAMARCA'),
(2108, 15000, 4100, 6, 1369, 129, 0, NULL, 'MEDINA', 'CUNDINAMARCA'),
(2109, 15000, 4100, 6, 679, 129, 0, NULL, 'MESITAS DEL COLEGIO', 'CUNDINAMARCA'),
(2110, 15000, 4100, 6, 689, 129, 0, NULL, 'MOSQUERA', 'CUNDINAMARCA'),
(2111, 15000, 4100, 6, 1371, 129, 0, NULL, 'NARIÑO', 'CUNDINAMARCA'),
(2112, 15000, 4100, 6, 1372, 129, 0, NULL, 'NEMOCON', 'CUNDINAMARCA'),
(2113, 15000, 4100, 6, 1373, 129, 0, NULL, 'NILO', 'CUNDINAMARCA'),
(2114, 15000, 4100, 6, 1374, 129, 0, NULL, 'NIMAIMA', 'CUNDINAMARCA'),
(2115, 15000, 4100, 6, 1375, 129, 0, NULL, 'NOCAIMA', 'CUNDINAMARCA'),
(2116, 15000, 4100, 6, 1376, 129, 0, NULL, 'PACHO', 'CUNDINAMARCA'),
(2117, 15000, 4100, 6, 1377, 129, 0, NULL, 'PAIME', 'CUNDINAMARCA'),
(2118, 15000, 4100, 6, 1378, 129, 0, NULL, 'PANDI', 'CUNDINAMARCA'),
(2119, 15000, 4100, 6, 710, 129, 0, NULL, 'PARATEBUENO', 'CUNDINAMARCA'),
(2120, 15000, 4100, 6, 1380, 129, 0, NULL, 'PASCA', 'CUNDINAMARCA'),
(2121, 15000, 4100, 6, 733, 129, 0, NULL, 'PUERTO SALGAR', 'CUNDINAMARCA'),
(2122, 15000, 4100, 6, 1382, 129, 0, NULL, 'PULI', 'CUNDINAMARCA'),
(2123, 15000, 4100, 6, 1383, 129, 0, NULL, 'QUEBRADANEGRA', 'CUNDINAMARCA'),
(2124, 15000, 4100, 6, 1384, 129, 0, NULL, 'QUETAME', 'CUNDINAMARCA'),
(2125, 15000, 4100, 6, 1385, 129, 0, NULL, 'QUIPILE', 'CUNDINAMARCA'),
(2126, 15000, 4100, 6, 1387, 129, 0, NULL, 'SAN ANTONIO DEL TEQUENDAMA', 'CUNDINAMARCA'),
(2127, 15000, 4100, 6, 1388, 129, 0, NULL, 'SAN BERNARDO', 'CUNDINAMARCA'),
(2128, 15000, 4100, 6, 1389, 129, 0, NULL, 'SAN CAYETANO', 'CUNDINAMARCA'),
(2129, 15000, 4100, 6, 1390, 129, 0, NULL, 'SAN FRANCISCO', 'CUNDINAMARCA'),
(2130, 15000, 4100, 6, 1391, 129, 0, NULL, 'SAN JUAN DE RIO SECO', 'CUNDINAMARCA'),
(2131, 15000, 4100, 6, 793, 129, 0, NULL, 'SASAIMA', 'CUNDINAMARCA'),
(2132, 15000, 4100, 6, 1393, 129, 0, NULL, 'SESQUILE', 'CUNDINAMARCA'),
(2133, 15000, 4100, 6, 795, 129, 0, NULL, 'SIBATE', 'CUNDINAMARCA'),
(2134, 15000, 4100, 6, 797, 129, 0, NULL, 'SILVANIA', 'CUNDINAMARCA'),
(2135, 15000, 4100, 6, 798, 129, 0, NULL, 'SIMIJACA', 'CUNDINAMARCA'),
(2136, 15000, 4100, 6, 800, 129, 0, NULL, 'SOACHA', 'CUNDINAMARCA'),
(2137, 11500, 3500, 6, 807, 129, 0, NULL, 'SOPO', 'CUNDINAMARCA'),
(2138, 15000, 4100, 6, 809, 129, 0, NULL, 'SUBACHOQUE', 'CUNDINAMARCA'),
(2139, 15000, 4100, 6, 1400, 129, 0, NULL, 'SUESCA', 'CUNDINAMARCA'),
(2140, 15000, 4100, 6, 1401, 129, 0, NULL, 'SUPATA', 'CUNDINAMARCA'),
(2141, 15000, 4100, 6, 1402, 129, 0, NULL, 'SUSA', 'CUNDINAMARCA'),
(2142, 15000, 4100, 6, 1403, 129, 0, NULL, 'SUTATAUSA', 'CUNDINAMARCA'),
(2143, 15000, 4100, 6, 812, 129, 0, NULL, 'TABIO', 'CUNDINAMARCA'),
(2144, 15000, 4100, 6, 1405, 129, 0, NULL, 'TAUSA', 'CUNDINAMARCA'),
(2145, 15000, 4100, 6, 1406, 129, 0, NULL, 'TENA', 'CUNDINAMARCA'),
(2146, 15000, 4100, 6, 1407, 129, 0, NULL, 'TENJO', 'CUNDINAMARCA'),
(2147, 15000, 4100, 6, 1408, 129, 0, NULL, 'TIBACUY', 'CUNDINAMARCA'),
(2148, 15000, 4100, 6, 1409, 129, 0, NULL, 'TIBIRITA', 'CUNDINAMARCA'),
(2149, 15000, 4100, 6, 819, 129, 0, NULL, 'TOCAIMA', 'CUNDINAMARCA'),
(2150, 15000, 4100, 6, 820, 129, 0, NULL, 'TOCANCIPA', 'CUNDINAMARCA'),
(2151, 15000, 4100, 6, 1412, 129, 0, NULL, 'TOPAIPI', 'CUNDINAMARCA'),
(2152, 15000, 4100, 6, 1413, 129, 0, NULL, 'UBALA', 'CUNDINAMARCA'),
(2153, 15000, 4100, 6, 1414, 129, 0, NULL, 'UBAQUE', 'CUNDINAMARCA'),
(2154, 15000, 4100, 6, 830, 129, 0, NULL, 'UBATE', 'CUNDINAMARCA'),
(2155, 15000, 4100, 6, 1415, 129, 0, NULL, 'UNE', 'CUNDINAMARCA'),
(2156, 15000, 4100, 6, 1416, 129, 0, NULL, 'UTICA', 'CUNDINAMARCA'),
(2157, 15000, 4100, 6, 1417, 129, 0, NULL, 'VENECIA', 'CUNDINAMARCA'),
(2158, 15000, 4100, 6, 1418, 129, 0, NULL, 'VERGARA', 'CUNDINAMARCA'),
(2159, 15000, 4100, 6, 835, 129, 0, NULL, 'VIANI', 'CUNDINAMARCA'),
(2160, 15000, 4100, 6, 1420, 129, 0, NULL, 'VILLA DE SAN DIEGO DE UBATE', 'CUNDINAMARCA'),
(2161, 15000, 4100, 6, 1421, 129, 0, NULL, 'VILLAGOMEZ', 'CUNDINAMARCA'),
(2162, 15000, 4100, 6, 843, 129, 0, NULL, 'VILLAPINZON', 'CUNDINAMARCA'),
(2163, 15000, 4100, 6, 846, 129, 0, NULL, 'VILLETA', 'CUNDINAMARCA'),
(2164, 15000, 4100, 6, 1424, 129, 0, NULL, 'VIOTA', 'CUNDINAMARCA'),
(2165, 15000, 4100, 6, 1425, 129, 0, NULL, 'YACOPI', 'CUNDINAMARCA'),
(2166, 15000, 4100, 6, 1426, 129, 0, NULL, 'ZIPACON', 'CUNDINAMARCA'),
(2167, 15000, 4100, 6, 853, 129, 0, NULL, 'ZIPAQUIRA', 'CUNDINAMARCA'),
(2168, 15000, 4100, 6, 1951, 188, 0, NULL, 'BARRANCO MINAS', 'GUAINIA'),
(2169, 15000, 4100, 6, 1952, 188, 0, NULL, 'CACAHUAL', 'GUAINIA'),
(2170, 15000, 4100, 6, 1953, 188, 0, NULL, 'GUADALUPE', 'GUAINIA'),
(2171, 15000, 4100, 6, 1954, 188, 0, NULL, 'INIRIDA', 'GUAINIA'),
(2172, 15000, 4100, 6, 1955, 188, 0, NULL, 'MAPIRIPANA', 'GUAINIA'),
(2173, 15000, 4100, 6, 1956, 188, 0, NULL, 'MORICHAL', 'GUAINIA'),
(2174, 15000, 4100, 6, 1957, 188, 0, NULL, 'PANA PANA', 'GUAINIA'),
(2175, 7500, 2000, 6, 1958, 188, 0, NULL, 'PUERTO COLOMBIA', 'GUAINIA'),
(2176, 15000, 4100, 6, 1959, 188, 0, NULL, 'SAN FELIPE', 'GUAINIA'),
(2177, 15000, 4100, 6, 505, 134, 0, NULL, 'ALBANIA', 'GUAJIRA'),
(2178, 15000, 4100, 6, 533, 134, 0, NULL, 'BARRANCAS', 'GUAJIRA'),
(2179, 15000, 4100, 6, 1497, 134, 0, NULL, 'DIBULLA', 'GUAJIRA'),
(2180, 15000, 4100, 6, 588, 134, 0, NULL, 'DISTRACCION', 'GUAJIRA'),
(2181, 15000, 4100, 6, 1499, 134, 0, NULL, 'EL MOLINO', 'GUAJIRA'),
(2182, 15000, 4100, 6, 606, 134, 0, NULL, 'FONSECA', 'GUAJIRA'),
(2183, 15000, 4100, 6, 634, 134, 0, NULL, 'HATO NUEVO', 'GUAJIRA'),
(2184, 15000, 4100, 6, 1501, 134, 0, NULL, 'HATONUEVO', 'GUAJIRA'),
(2185, 15000, 4100, 6, 1502, 134, 0, NULL, 'LA JAGUA DEL PILAR', 'GUAJIRA'),
(2186, 12000, 2000, 6, 669, 134, 0, NULL, 'MAICAO', 'GUAJIRA'),
(2187, 15000, 4100, 6, 1504, 134, 0, NULL, 'MANAURE', 'GUAJIRA'),
(2188, 15000, 4100, 6, 680, 134, 0, NULL, 'MINGUEO', 'GUAJIRA'),
(2189, 15000, 4100, 6, 745, 134, 0, NULL, 'RIOHACHA', 'GUAJIRA'),
(2190, 15000, 4100, 6, 770, 134, 0, NULL, 'SAN JUAN DEL CESAR', 'GUAJIRA'),
(2191, 15000, 4100, 6, 1507, 134, 0, NULL, 'URIBIA', 'GUAJIRA'),
(2192, 15000, 4100, 6, 831, 134, 0, NULL, 'URUMITA', 'GUAJIRA'),
(2193, 15000, 4100, 6, 839, 134, 0, NULL, 'VILLA NUEVA', 'GUAJIRA'),
(2194, 15000, 4100, 6, 1960, 158, 0, NULL, 'CALAMAR', 'GUAVIARE'),
(2195, 15000, 4100, 6, 1961, 158, 0, NULL, 'EL RETORNO', 'GUAVIARE'),
(2196, 31500, 6000, 6, 768, 158, 0, NULL, 'SAN JOSE DEL GUAVIARE', 'GUAVIARE'),
(2197, 15000, 4100, 6, 1458, 133, 0, NULL, 'ACEVEDO', 'HUILA'),
(2198, 15000, 4100, 6, 1459, 133, 0, NULL, 'AGRADO', 'HUILA'),
(2199, 15000, 4100, 6, 504, 133, 0, NULL, 'AIPE', 'HUILA'),
(2200, 15000, 4100, 6, 1461, 133, 0, NULL, 'ALGECIRAS', 'HUILA'),
(2201, 15000, 4100, 6, 1462, 133, 0, NULL, 'ALTAMIRA', 'HUILA'),
(2202, 15000, 4100, 6, 1463, 133, 0, NULL, 'BARAYA', 'HUILA'),
(2203, 15000, 4100, 6, 553, 133, 0, NULL, 'CAMPOALEGRE', 'HUILA'),
(2204, 15000, 4100, 6, 1465, 133, 0, NULL, 'COLOMBIA', 'HUILA'),
(2205, 15000, 4100, 6, 1466, 133, 0, NULL, 'ELIAS', 'HUILA'),
(2206, 15000, 4100, 6, 616, 133, 0, NULL, 'GARZON', 'HUILA'),
(2207, 15000, 4100, 6, 617, 133, 0, NULL, 'GIGANTE', 'HUILA'),
(2208, 15000, 4100, 6, 624, 133, 0, NULL, 'GUADALUPE', 'HUILA'),
(2209, 15000, 4100, 6, 636, 133, 0, NULL, 'HOBO', 'HUILA'),
(2210, 15000, 4100, 6, 1471, 133, 0, NULL, 'IQUIRA', 'HUILA'),
(2211, 15000, 4100, 6, 1472, 133, 0, NULL, 'ISNOS', 'HUILA'),
(2212, 15000, 4100, 6, 1473, 133, 0, NULL, 'LA ARGENTINA', 'HUILA'),
(2213, 15000, 4100, 6, 655, 133, 0, NULL, 'LA PLATA', 'HUILA'),
(2214, 15000, 4100, 6, 1475, 133, 0, NULL, 'NATAGA', 'HUILA'),
(2215, 11500, 3500, 6, 694, 133, 0, NULL, 'NEIVA', 'HUILA'),
(2216, 15000, 4100, 6, 1477, 133, 0, NULL, 'OPORAPA', 'HUILA'),
(2217, 15000, 4100, 6, 1478, 133, 0, NULL, 'PAICOL', 'HUILA'),
(2218, 15000, 4100, 6, 705, 133, 0, NULL, 'PALERMO', 'HUILA'),
(2219, 15000, 4100, 6, 1481, 133, 0, NULL, 'PITAL', 'HUILA'),
(2220, 14000, 4100, 6, 720, 133, 0, NULL, 'PITALITO', 'HUILA'),
(2221, 15000, 4100, 6, 750, 133, 0, NULL, 'RIVERA', 'HUILA'),
(2222, 15000, 4100, 6, 1484, 133, 0, NULL, 'SALADOBLANCO', 'HUILA'),
(2223, 15000, 4100, 6, 762, 133, 0, NULL, 'SAN AGUSTIN', 'HUILA'),
(2224, 15000, 4100, 6, 782, 133, 0, NULL, 'SANTA MARIA', 'HUILA'),
(2225, 15000, 4100, 6, 1487, 133, 0, NULL, 'SUAZA', 'HUILA'),
(2226, 15000, 4100, 6, 1488, 133, 0, NULL, 'TARQUI', 'HUILA'),
(2227, 15000, 4100, 6, 1489, 133, 0, NULL, 'TELLO', 'HUILA'),
(2228, 15000, 4100, 6, 1490, 133, 0, NULL, 'TERUEL', 'HUILA'),
(2229, 15000, 4100, 6, 1491, 133, 0, NULL, 'TESALIA', 'HUILA'),
(2230, 15000, 4100, 6, 818, 133, 0, NULL, 'TIMANA', 'HUILA'),
(2231, 15000, 4100, 6, 1493, 133, 0, NULL, 'VILLAVIEJA', 'HUILA'),
(2232, 15000, 4100, 6, 1494, 133, 0, NULL, 'YAGUARA', 'HUILA'),
(2233, 15000, 4100, 6, 1511, 140, 0, NULL, 'ALGARROBO', 'MAGDALENA'),
(2234, 7500, 3500, 6, 519, 140, 0, NULL, 'ARACATACA', 'MAGDALENA'),
(2235, 15000, 4100, 6, 1513, 140, 0, NULL, 'ARIGUANI', 'MAGDALENA'),
(2236, 15000, 4100, 6, 1514, 140, 0, NULL, 'CERRO SAN ANTONIO', 'MAGDALENA'),
(2237, 15000, 4100, 6, 1515, 140, 0, NULL, 'CHIBOLO', 'MAGDALENA'),
(2238, 7500, 2000, 6, 571, 140, 0, NULL, 'CIENAGA', 'MAGDALENA'),
(2239, 15000, 4100, 6, 1517, 140, 0, NULL, 'CONCORDIA', 'MAGDALENA'),
(2240, 15000, 4100, 6, 592, 140, 0, NULL, 'EL BANCO', 'MAGDALENA'),
(2241, 15000, 4100, 6, 595, 140, 0, NULL, 'EL DIFICIL', 'MAGDALENA'),
(2242, 15000, 4100, 6, 1519, 140, 0, NULL, 'EL PIÑON', 'MAGDALENA'),
(2243, 15000, 4100, 6, 1520, 140, 0, NULL, 'EL RETEN', 'MAGDALENA'),
(2244, 12000, 2000, 6, 610, 140, 0, NULL, 'FUNDACION', 'MAGDALENA'),
(2245, 15000, 4100, 6, 626, 140, 0, NULL, 'GUAMAL', 'MAGDALENA'),
(2246, 15000, 4100, 6, 1523, 140, 0, NULL, 'NUEVA GRANADA', 'MAGDALENA'),
(2247, 15000, 4100, 6, 1524, 140, 0, NULL, 'PEDRAZA', 'MAGDALENA'),
(2248, 15000, 4100, 6, 1525, 140, 0, NULL, 'PIJIÑO DEL CARMEN', 'MAGDALENA'),
(2249, 15000, 4100, 6, 721, 140, 0, NULL, 'PIVIJAY', 'MAGDALENA'),
(2250, 15000, 4100, 6, 722, 140, 0, NULL, 'PLATO', 'MAGDALENA'),
(2251, 15000, 4100, 6, 726, 140, 0, NULL, 'PUEBLO NUEVO', 'MAGDALENA'),
(2252, 15000, 4100, 6, 1528, 140, 0, NULL, 'PUEBLOVIEJO', 'MAGDALENA'),
(2253, 15000, 4100, 6, 1529, 140, 0, NULL, 'REMOLINO', 'MAGDALENA'),
(2254, 15000, 4100, 6, 1530, 140, 0, NULL, 'SABANAS DE SAN ANGEL', 'MAGDALENA'),
(2255, 15000, 4100, 6, 1532, 140, 0, NULL, 'SAN SEBASTIAN DE BUENAVISTA', 'MAGDALENA'),
(2256, 15000, 4100, 6, 1533, 140, 0, NULL, 'SAN ZENON', 'MAGDALENA'),
(2257, 15000, 4100, 6, 1534, 140, 0, NULL, 'SANTA ANA', 'MAGDALENA'),
(2258, 15000, 4100, 6, 1535, 140, 0, NULL, 'SANTA BARBARA DE PINTO', 'MAGDALENA'),
(2259, 7500, 2000, 6, 783, 140, 0, NULL, 'SANTA MARTA', 'MAGDALENA'),
(2260, 15000, 4100, 6, 1536, 140, 0, NULL, 'SITIONUEVO', 'MAGDALENA'),
(2261, 15000, 4100, 6, 1537, 140, 0, NULL, 'TENERIFE', 'MAGDALENA'),
(2262, 15000, 4100, 6, 1538, 140, 0, NULL, 'ZAPAYAN', 'MAGDALENA'),
(2263, 15000, 4100, 6, 1539, 140, 0, NULL, 'ZONA BANANERA', 'MAGDALENA'),
(2264, 15000, 4100, 6, 1540, 146, 0, NULL, 'ACACIAS', 'META'),
(2265, 15000, 4100, 6, 531, 146, 0, NULL, 'BARRANCA DE UPIA', 'META'),
(2266, 15000, 4100, 6, 1542, 146, 0, NULL, 'CABUYARO', 'META'),
(2267, 15000, 4100, 6, 1543, 146, 0, NULL, 'CASTILLA LA NUEVA', 'META'),
(2268, 15000, 4100, 6, 1544, 146, 0, NULL, 'CUBARRAL', 'META'),
(2269, 15000, 4100, 6, 583, 146, 0, NULL, 'CUMARAL', 'META'),
(2270, 15000, 4100, 6, 1546, 146, 0, NULL, 'EL CALVARIO', 'META'),
(2271, 15000, 4100, 6, 1547, 146, 0, NULL, 'EL CASTILLO', 'META'),
(2272, 15000, 4100, 6, 1548, 146, 0, NULL, 'EL DORADO', 'META'),
(2273, 15000, 4100, 6, 1549, 146, 0, NULL, 'FUENTE DE ORO', 'META'),
(2274, 15000, 4100, 6, 622, 146, 0, NULL, 'GRANADA', 'META'),
(2275, 15000, 4100, 6, 627, 146, 0, NULL, 'GUAMAL', 'META'),
(2276, 15000, 4100, 6, 1552, 146, 0, NULL, 'LA MACARENA', 'META'),
(2277, 15000, 4100, 6, 1553, 146, 0, NULL, 'LEJANIAS', 'META'),
(2278, 15000, 4100, 6, 1554, 146, 0, NULL, 'MAPIRIPAN', 'META'),
(2279, 15000, 4100, 6, 1555, 146, 0, NULL, 'MESETAS', 'META'),
(2280, 15000, 4100, 6, 1556, 146, 0, NULL, 'PUERTO CONCORDIA', 'META'),
(2281, 15000, 4100, 6, 1557, 146, 0, NULL, 'PUERTO GAITAN', 'META'),
(2282, 15000, 4100, 6, 1558, 146, 0, NULL, 'PUERTO LLERAS', 'META'),
(2283, 15000, 4100, 6, 732, 146, 0, NULL, 'PUERTO LOPEZ', 'META'),
(2284, 15000, 4100, 6, 1560, 146, 0, NULL, 'PUERTO RICO', 'META'),
(2285, 15000, 4100, 6, 741, 146, 0, NULL, 'RESTREPO', 'META'),
(2286, 15000, 4100, 6, 1562, 146, 0, NULL, 'SAN CARLOS DE GUAROA', 'META'),
(2287, 15000, 4100, 6, 1563, 146, 0, NULL, 'SAN JUAN DE ARAMA', 'META'),
(2288, 15000, 4100, 6, 1564, 146, 0, NULL, 'SAN JUANITO', 'META'),
(2289, 15000, 4100, 6, 774, 146, 0, NULL, 'SAN MARTIN', 'META'),
(2290, 15000, 4100, 6, 1566, 146, 0, NULL, 'URIBE', 'META'),
(2291, 12000, 2000, 6, 845, 146, 0, NULL, 'VILLAVICENCIO', 'META'),
(2292, 15000, 4100, 6, 1568, 146, 0, NULL, 'VISTAHERMOSA', 'META'),
(2293, 15000, 4100, 6, 1569, 138, 0, NULL, 'ALDANA', 'NARIÑO'),
(2294, 15000, 4100, 6, 512, 138, 0, NULL, 'ANCUYA', 'NARIÑO'),
(2295, 15000, 4100, 6, 1571, 138, 0, NULL, 'ARBOLEDA - BERRUECOS', 'NARIÑO'),
(2296, 15000, 4100, 6, 1572, 138, 0, NULL, 'BARBACOAS', 'NARIÑO'),
(2297, 15000, 4100, 6, 1574, 138, 0, NULL, 'BUESACO', 'NARIÑO'),
(2298, 15000, 4100, 6, 562, 138, 0, NULL, 'CHACHAGUI', 'NARIÑO'),
(2299, 15000, 4100, 6, 1576, 138, 0, NULL, 'COLON', 'NARIÑO'),
(2300, 15000, 4100, 6, 575, 138, 0, NULL, 'CONSACA', 'NARIÑO'),
(2301, 15000, 4100, 6, 1578, 138, 0, NULL, 'CONTADERO', 'NARIÑO'),
(2302, 15000, 4100, 6, 1579, 138, 0, NULL, 'CORDOBA', 'NARIÑO'),
(2303, 15000, 4100, 6, 1580, 138, 0, NULL, 'CUASPUD', 'NARIÑO'),
(2304, 15000, 4100, 6, 1581, 138, 0, NULL, 'CUMBAL', 'NARIÑO'),
(2305, 15000, 4100, 6, 1582, 138, 0, NULL, 'CUMBITARA', 'NARIÑO'),
(2306, 15000, 4100, 6, 1583, 138, 0, NULL, 'EL CHARCO', 'NARIÑO'),
(2307, 15000, 4100, 6, 1584, 138, 0, NULL, 'EL PEÑOL', 'NARIÑO'),
(2308, 15000, 4100, 6, 1585, 138, 0, NULL, 'EL ROSARIO', 'NARIÑO'),
(2309, 15000, 4100, 6, 1586, 138, 0, NULL, 'EL TABLON DE GOMEZ', 'NARIÑO'),
(2310, 15000, 4100, 6, 1587, 138, 0, NULL, 'EL TAMBO', 'NARIÑO'),
(2311, 15000, 4100, 6, 1588, 138, 0, NULL, 'FRANCISCO PIZARRO', 'NARIÑO'),
(2312, 15000, 4100, 6, 1589, 138, 0, NULL, 'FUNES', 'NARIÑO'),
(2313, 15000, 4100, 6, 1590, 138, 0, NULL, 'GUACHUCAL', 'NARIÑO'),
(2314, 15000, 4100, 6, 1591, 138, 0, NULL, 'GUAITARILLA', 'NARIÑO'),
(2315, 15000, 4100, 6, 1592, 138, 0, NULL, 'GUALMATAN', 'NARIÑO'),
(2316, 15000, 4100, 6, 1593, 138, 0, NULL, 'ILES', 'NARIÑO'),
(2317, 15000, 4100, 6, 1594, 138, 0, NULL, 'IMUES', 'NARIÑO'),
(2318, 14000, 4100, 6, 639, 138, 0, NULL, 'IPIALES', 'NARIÑO'),
(2319, 15000, 4100, 6, 648, 138, 0, NULL, 'LA CRUZ', 'NARIÑO'),
(2320, 15000, 4100, 6, 1597, 138, 0, NULL, 'LA FLORIDA', 'NARIÑO'),
(2321, 15000, 4100, 6, 1598, 138, 0, NULL, 'LA LLANADA', 'NARIÑO'),
(2322, 15000, 4100, 6, 1599, 138, 0, NULL, 'LA TOLA', 'NARIÑO'),
(2323, 15000, 4100, 6, 659, 138, 0, NULL, 'LA UNION', 'NARIÑO'),
(2324, 15000, 4100, 6, 1601, 138, 0, NULL, 'LEIVA', 'NARIÑO'),
(2325, 15000, 4100, 6, 1602, 138, 0, NULL, 'LINARES', 'NARIÑO'),
(2326, 15000, 4100, 6, 1603, 138, 0, NULL, 'LOS ANDES', 'NARIÑO'),
(2327, 15000, 4100, 6, 1604, 138, 0, NULL, 'MAGÜI', 'NARIÑO'),
(2328, 15000, 4100, 6, 1605, 138, 0, NULL, 'MALLAMA', 'NARIÑO'),
(2329, 15000, 4100, 6, 1607, 138, 0, NULL, 'NARIÑO', 'NARIÑO'),
(2330, 15000, 4100, 6, 1608, 138, 0, NULL, 'OLAYA HERRERA', 'NARIÑO'),
(2331, 15000, 4100, 6, 1609, 138, 0, NULL, 'OSPINA', 'NARIÑO'),
(2332, 14000, 4100, 6, 712, 138, 0, NULL, 'PASTO', 'NARIÑO'),
(2333, 15000, 4100, 6, 1611, 138, 0, NULL, 'POLICARPA', 'NARIÑO'),
(2334, 15000, 4100, 6, 1612, 138, 0, NULL, 'POTOSI', 'NARIÑO'),
(2335, 31500, 6000, 6, 1613, 138, 0, NULL, 'PROVIDENCIA', 'NARIÑO'),
(2336, 15000, 4100, 6, 1614, 138, 0, NULL, 'PUERRES', 'NARIÑO'),
(2337, 15000, 4100, 6, 1615, 138, 0, NULL, 'PUPIALES', 'NARIÑO'),
(2338, 15000, 4100, 6, 743, 138, 0, NULL, 'RICAURTE', 'NARIÑO'),
(2339, 15000, 4100, 6, 1617, 138, 0, NULL, 'ROBERTO PAYAN', 'NARIÑO'),
(2340, 15000, 4100, 6, 760, 138, 0, NULL, 'SAMANIEGO', 'NARIÑO'),
(2341, 15000, 4100, 6, 1619, 138, 0, NULL, 'SAN ANDRES DE TUMACO', 'NARIÑO'),
(2342, 15000, 4100, 6, 1620, 138, 0, NULL, 'SAN BERNARDO', 'NARIÑO'),
(2343, 15000, 4100, 6, 1621, 138, 0, NULL, 'SAN JOSE DE ALBAN', 'NARIÑO'),
(2344, 15000, 4100, 6, 1622, 138, 0, NULL, 'SAN LORENZO', 'NARIÑO'),
(2345, 15000, 4100, 6, 1623, 138, 0, NULL, 'SAN PABLO', 'NARIÑO'),
(2346, 15000, 4100, 6, 1624, 138, 0, NULL, 'SAN PEDRO DE CARTAGO', 'NARIÑO'),
(2347, 15000, 4100, 6, 780, 138, 0, NULL, 'SANDONA', 'NARIÑO'),
(2348, 15000, 4100, 6, 1626, 138, 0, NULL, 'SANTA BARBARA', 'NARIÑO'),
(2349, 15000, 4100, 6, 1627, 138, 0, NULL, 'SANTACRUZ', 'NARIÑO'),
(2350, 15000, 4100, 6, 1628, 138, 0, NULL, 'SAPUYES', 'NARIÑO'),
(2351, 15000, 4100, 6, 1629, 138, 0, NULL, 'TAMINANGO', 'NARIÑO'),
(2352, 15000, 4100, 6, 1630, 138, 0, NULL, 'TANGUA', 'NARIÑO'),
(2353, 15000, 4100, 6, 824, 138, 0, NULL, 'TUMACO', 'NARIÑO'),
(2354, 15000, 4100, 6, 826, 138, 0, NULL, 'TUQUERRES', 'NARIÑO'),
(2355, 15000, 4100, 6, 847, 138, 0, NULL, 'YACUANQUER', 'NARIÑO'),
(2356, 15000, 4100, 6, 1633, 151, 0, NULL, 'ABREGO', 'NORTE DE SANTANDER'),
(2357, 15000, 4100, 6, 1634, 151, 0, NULL, 'ARBOLEDAS', 'NORTE DE SANTANDER'),
(2358, 15000, 4100, 6, 1635, 151, 0, NULL, 'BOCHALEMA', 'NORTE DE SANTANDER'),
(2359, 15000, 4100, 6, 1636, 151, 0, NULL, 'BUCARASICA', 'NORTE DE SANTANDER'),
(2360, 15000, 4100, 6, 1637, 151, 0, NULL, 'CACHIRA', 'NORTE DE SANTANDER'),
(2361, 15000, 4100, 6, 1638, 151, 0, NULL, 'CACOTA', 'NORTE DE SANTANDER'),
(2362, 15000, 4100, 6, 1639, 151, 0, NULL, 'CHINACOTA', 'NORTE DE SANTANDER'),
(2363, 15000, 4100, 6, 1640, 151, 0, NULL, 'CHITAGA', 'NORTE DE SANTANDER'),
(2364, 15000, 4100, 6, 1641, 151, 0, NULL, 'CONVENCION', 'NORTE DE SANTANDER'),
(2365, 15000, 4100, 6, 582, 151, 0, NULL, 'CUCUTA', 'NORTE DE SANTANDER'),
(2366, 15000, 4100, 6, 1643, 151, 0, NULL, 'CUCUTILLA', 'NORTE DE SANTANDER'),
(2367, 15000, 4100, 6, 1644, 151, 0, NULL, 'DURANIA', 'NORTE DE SANTANDER'),
(2368, 15000, 4100, 6, 1645, 151, 0, NULL, 'EL CARMEN', 'NORTE DE SANTANDER'),
(2369, 15000, 4100, 6, 1646, 151, 0, NULL, 'EL TARRA', 'NORTE DE SANTANDER'),
(2370, 15000, 4100, 6, 1647, 151, 0, NULL, 'EL ZULIA', 'NORTE DE SANTANDER'),
(2371, 15000, 4100, 6, 1648, 151, 0, NULL, 'GRAMALOTE', 'NORTE DE SANTANDER'),
(2372, 15000, 4100, 6, 1649, 151, 0, NULL, 'HACARI', 'NORTE DE SANTANDER'),
(2373, 15000, 4100, 6, 1650, 151, 0, NULL, 'HERRAN', 'NORTE DE SANTANDER'),
(2374, 15000, 4100, 6, 1651, 151, 0, NULL, 'LA ESPERANZA', 'NORTE DE SANTANDER'),
(2375, 15000, 4100, 6, 1652, 151, 0, NULL, 'LA PLAYA', 'NORTE DE SANTANDER'),
(2376, 15000, 4100, 6, 1653, 151, 0, NULL, 'LABATECA', 'NORTE DE SANTANDER'),
(2377, 15000, 4100, 6, 666, 151, 0, NULL, 'LOS PATIOS', 'NORTE DE SANTANDER'),
(2378, 15000, 4100, 6, 1655, 151, 0, NULL, 'LOURDES', 'NORTE DE SANTANDER'),
(2379, 15000, 4100, 6, 1656, 151, 0, NULL, 'MUTISCUA', 'NORTE DE SANTANDER'),
(2380, 15000, 4100, 6, 697, 151, 0, NULL, 'OCAÑA', 'NORTE DE SANTANDER'),
(2381, 15000, 4100, 6, 709, 151, 0, NULL, 'PAMPLONA', 'NORTE DE SANTANDER'),
(2382, 15000, 4100, 6, 1659, 151, 0, NULL, 'PAMPLONITA', 'NORTE DE SANTANDER'),
(2383, 15000, 4100, 6, 1660, 151, 0, NULL, 'PUERTO SANTANDER', 'NORTE DE SANTANDER'),
(2384, 15000, 4100, 6, 1661, 151, 0, NULL, 'RAGONVALIA', 'NORTE DE SANTANDER'),
(2385, 15000, 4100, 6, 1662, 151, 0, NULL, 'SALAZAR', 'NORTE DE SANTANDER'),
(2386, 15000, 4100, 6, 1663, 151, 0, NULL, 'SAN CALIXTO', 'NORTE DE SANTANDER'),
(2387, 15000, 4100, 6, 1664, 151, 0, NULL, 'SAN CAYETANO', 'NORTE DE SANTANDER'),
(2388, 15000, 4100, 6, 1665, 151, 0, NULL, 'SANTIAGO', 'NORTE DE SANTANDER'),
(2389, 15000, 4100, 6, 1666, 151, 0, NULL, 'SARDINATA', 'NORTE DE SANTANDER'),
(2390, 15000, 4100, 6, 1667, 151, 0, NULL, 'SILOS', 'NORTE DE SANTANDER'),
(2391, 15000, 4100, 6, 1668, 151, 0, NULL, 'TEORAMA', 'NORTE DE SANTANDER'),
(2392, 15000, 4100, 6, 817, 151, 0, NULL, 'TIBU', 'NORTE DE SANTANDER'),
(2393, 15000, 4100, 6, 1670, 151, 0, NULL, 'TOLEDO', 'NORTE DE SANTANDER'),
(2394, 15000, 4100, 6, 1671, 151, 0, NULL, 'VILLA CARO', 'NORTE DE SANTANDER'),
(2395, 15000, 4100, 6, 837, 151, 0, NULL, 'VILLA DEL ROSARIO', 'NORTE DE SANTANDER'),
(2396, 15000, 4100, 6, 1927, 154, 0, NULL, 'COLON', 'PUTUMAYO'),
(2397, 15000, 4100, 6, 1928, 154, 0, NULL, 'LEGUIZAMO', 'PUTUMAYO'),
(2398, 15000, 4100, 6, 682, 154, 0, NULL, 'MOCOA', 'PUTUMAYO'),
(2399, 15000, 4100, 6, 699, 154, 0, NULL, 'ORITO', 'PUTUMAYO'),
(2400, 15000, 4100, 6, 728, 154, 0, NULL, 'PUERTO ASIS', 'PUTUMAYO'),
(2401, 15000, 4100, 6, 1932, 154, 0, NULL, 'PUERTO CAICEDO', 'PUTUMAYO'),
(2402, 15000, 4100, 6, 1933, 154, 0, NULL, 'PUERTO GUZMAN', 'PUTUMAYO'),
(2403, 15000, 4100, 6, 1934, 154, 0, NULL, 'SAN FRANCISCO', 'PUTUMAYO'),
(2404, 15000, 4100, 6, 1935, 154, 0, NULL, 'SAN MIGUEL', 'PUTUMAYO'),
(2405, 15000, 4100, 6, 1936, 154, 0, NULL, 'SANTIAGO', 'PUTUMAYO'),
(2406, 15000, 4100, 6, 796, 154, 0, NULL, 'SIBUNDOY', 'PUTUMAYO'),
(2407, 15000, 4100, 6, 1938, 154, 0, NULL, 'VALLE DEL GUAMUEZ', 'PUTUMAYO'),
(2408, 15000, 4100, 6, 838, 154, 0, NULL, 'VILLA GARZON', 'PUTUMAYO'),
(2409, 15000, 4100, 6, 1939, 154, 0, NULL, 'VILLAGARZON', 'PUTUMAYO'),
(2410, 11500, 3500, 6, 524, 143, 0, NULL, 'ARMENIA', 'QUINDIO'),
(2411, 15000, 4100, 6, 530, 143, 0, NULL, 'BARCELONA', 'QUINDIO'),
(2412, 15000, 4100, 6, 550, 143, 0, NULL, 'CALARCA', 'QUINDIO'),
(2413, 15000, 4100, 6, 573, 143, 0, NULL, 'CIRCASIA', 'QUINDIO'),
(2414, 15000, 4100, 6, 1677, 143, 0, NULL, 'CORDOBA', 'QUINDIO'),
(2415, 15000, 4100, 6, 1678, 143, 0, NULL, 'FILANDIA', 'QUINDIO'),
(2416, 15000, 4100, 6, 1679, 143, 0, NULL, 'GENOVA', 'QUINDIO'),
(2417, 15000, 4100, 6, 657, 143, 0, NULL, 'LA TEBAIDA', 'QUINDIO'),
(2418, 15000, 4100, 6, 686, 143, 0, NULL, 'MONTENEGRO', 'QUINDIO'),
(2419, 15000, 4100, 6, 1682, 143, 0, NULL, 'PIJAO', 'QUINDIO'),
(2420, 15000, 4100, 6, 738, 143, 0, NULL, 'QUIMBAYA', 'QUINDIO'),
(2421, 15000, 4100, 6, 1684, 143, 0, NULL, 'SALENTO', 'QUINDIO'),
(2422, 15000, 4100, 6, 1686, 144, 0, NULL, 'APIA', 'RISARALDA'),
(2423, 15000, 4100, 6, 526, 144, 0, NULL, 'BALBOA', 'RISARALDA'),
(2424, 15000, 4100, 6, 1688, 144, 0, NULL, 'BELEN DE UMBRIA', 'RISARALDA'),
(2425, 11500, 3500, 6, 590, 144, 0, NULL, 'DOSQUEBRADAS', 'RISARALDA'),
(2426, 15000, 4100, 6, 632, 144, 0, NULL, 'GUATICA', 'RISARALDA'),
(2427, 15000, 4100, 6, 1691, 144, 0, NULL, 'LA CELIA', 'RISARALDA'),
(2428, 15000, 4100, 6, 662, 144, 0, NULL, 'LA VIRGINIA', 'RISARALDA'),
(2429, 15000, 4100, 6, 1693, 144, 0, NULL, 'MARSELLA', 'RISARALDA'),
(2430, 15000, 4100, 6, 1694, 144, 0, NULL, 'MISTRATO', 'RISARALDA'),
(2431, 11500, 3500, 6, 717, 144, 0, NULL, 'PEREIRA', 'RISARALDA'),
(2432, 15000, 4100, 6, 1695, 144, 0, NULL, 'PUEBLO RICO', 'RISARALDA'),
(2433, 15000, 4100, 6, 739, 144, 0, NULL, 'QUINCHIA', 'RISARALDA'),
(2434, 14000, 4100, 6, 784, 144, 0, NULL, 'SANTA ROSA DE CABAL', 'RISARALDA'),
(2435, 15000, 4100, 6, 1700, 145, 0, NULL, 'AGUADA', 'SANTANDER'),
(2436, 15000, 4100, 6, 1702, 145, 0, NULL, 'ARATOCA', 'SANTANDER'),
(2437, 15000, 4100, 6, 529, 145, 0, NULL, 'BARBOSA', 'SANTANDER'),
(2438, 15000, 4100, 6, 1704, 145, 0, NULL, 'BARICHARA', 'SANTANDER'),
(2439, 14000, 4100, 6, 532, 145, 0, NULL, 'BARRANCABERMEJA', 'SANTANDER'),
(2440, 15000, 4100, 6, 1706, 145, 0, NULL, 'BETULIA', 'SANTANDER'),
(2441, 15000, 4100, 6, 1707, 145, 0, NULL, 'BOLIVAR', 'SANTANDER'),
(2442, 11500, 3500, 6, 541, 145, 0, NULL, 'BUCARAMANGA', 'SANTANDER'),
(2443, 15000, 4100, 6, 1708, 145, 0, NULL, 'CABRERA', 'SANTANDER'),
(2444, 15000, 4100, 6, 1709, 145, 0, NULL, 'CALIFORNIA', 'SANTANDER'),
(2445, 15000, 4100, 6, 1710, 145, 0, NULL, 'CAPITANEJO', 'SANTANDER'),
(2446, 15000, 4100, 6, 1711, 145, 0, NULL, 'CARCASI', 'SANTANDER'),
(2447, 15000, 4100, 6, 1712, 145, 0, NULL, 'CEPITA', 'SANTANDER'),
(2448, 15000, 4100, 6, 1713, 145, 0, NULL, 'CERRITO', 'SANTANDER'),
(2449, 15000, 4100, 6, 564, 145, 0, NULL, 'CHARALA', 'SANTANDER'),
(2450, 15000, 4100, 6, 1715, 145, 0, NULL, 'CHARTA', 'SANTANDER'),
(2451, 15000, 4100, 6, 1716, 145, 0, NULL, 'CHIMA', 'SANTANDER'),
(2452, 15000, 4100, 6, 1717, 145, 0, NULL, 'CHIPATA', 'SANTANDER'),
(2453, 15000, 4100, 6, 572, 145, 0, NULL, 'CIMITARRA', 'SANTANDER'),
(2454, 15000, 4100, 6, 1719, 145, 0, NULL, 'CONCEPCION', 'SANTANDER'),
(2455, 15000, 4100, 6, 1720, 145, 0, NULL, 'CONFINES', 'SANTANDER'),
(2456, 15000, 4100, 6, 1721, 145, 0, NULL, 'CONTRATACION', 'SANTANDER'),
(2457, 15000, 4100, 6, 1722, 145, 0, NULL, 'COROMORO', 'SANTANDER'),
(2458, 15000, 4100, 6, 584, 145, 0, NULL, 'CURITI', 'SANTANDER'),
(2459, 15000, 4100, 6, 1724, 145, 0, NULL, 'EL CARMEN DE CHUCURI', 'SANTANDER'),
(2460, 15000, 4100, 6, 1725, 145, 0, NULL, 'EL GUACAMAYO', 'SANTANDER'),
(2461, 15000, 4100, 6, 1726, 145, 0, NULL, 'EL PEÑON', 'SANTANDER'),
(2462, 15000, 4100, 6, 596, 145, 0, NULL, 'EL PLAYON', 'SANTANDER'),
(2463, 15000, 4100, 6, 1728, 145, 0, NULL, 'ENCINO', 'SANTANDER'),
(2464, 15000, 4100, 6, 1729, 145, 0, NULL, 'ENCISO', 'SANTANDER'),
(2465, 15000, 4100, 6, 1730, 145, 0, NULL, 'FLORIAN', 'SANTANDER'),
(2466, 15000, 4100, 6, 603, 145, 0, NULL, 'FLORIDABLANCA', 'SANTANDER'),
(2467, 15000, 4100, 6, 1732, 145, 0, NULL, 'GALAN', 'SANTANDER'),
(2468, 15000, 4100, 6, 1733, 145, 0, NULL, 'GAMBITA', 'SANTANDER'),
(2469, 12000, 2000, 6, 621, 145, 0, NULL, 'GIRON', 'SANTANDER'),
(2470, 15000, 4100, 6, 1735, 145, 0, NULL, 'GUACA', 'SANTANDER'),
(2471, 15000, 4100, 6, 1737, 145, 0, NULL, 'GUAPOTA', 'SANTANDER'),
(2472, 15000, 4100, 6, 1738, 145, 0, NULL, 'GUAVATA', 'SANTANDER'),
(2473, 15000, 4100, 6, 1739, 145, 0, NULL, 'GÜEPSA', 'SANTANDER'),
(2474, 15000, 4100, 6, 1740, 145, 0, NULL, 'HATO', 'SANTANDER'),
(2475, 15000, 4100, 6, 635, 145, 0, NULL, 'HIDROSOGAMOSO', 'SANTANDER'),
(2476, 15000, 4100, 6, 1741, 145, 0, NULL, 'JESUS MARIA', 'SANTANDER'),
(2477, 15000, 4100, 6, 1742, 145, 0, NULL, 'JORDAN', 'SANTANDER'),
(2478, 15000, 4100, 6, 1743, 145, 0, NULL, 'LA BELLEZA', 'SANTANDER'),
(2479, 15000, 4100, 6, 1745, 145, 0, NULL, 'LANDAZURI', 'SANTANDER'),
(2480, 15000, 4100, 6, 663, 145, 0, NULL, 'LEBRIJA', 'SANTANDER'),
(2481, 15000, 4100, 6, 1747, 145, 0, NULL, 'LOS SANTOS', 'SANTANDER'),
(2482, 15000, 4100, 6, 1748, 145, 0, NULL, 'MACARAVITA', 'SANTANDER'),
(2483, 15000, 4100, 6, 670, 145, 0, NULL, 'MALAGA', 'SANTANDER'),
(2484, 15000, 4100, 6, 1750, 145, 0, NULL, 'MATANZA', 'SANTANDER'),
(2485, 15000, 4100, 6, 683, 145, 0, NULL, 'MOGOTES', 'SANTANDER'),
(2486, 15000, 4100, 6, 1752, 145, 0, NULL, 'MOLAGAVITA', 'SANTANDER'),
(2487, 15000, 4100, 6, 1753, 145, 0, NULL, 'OCAMONTE', 'SANTANDER'),
(2488, 15000, 4100, 6, 698, 145, 0, NULL, 'OIBA', 'SANTANDER'),
(2489, 15000, 4100, 6, 1755, 145, 0, NULL, 'ONZAGA', 'SANTANDER'),
(2490, 15000, 4100, 6, 1756, 145, 0, NULL, 'PALMAR', 'SANTANDER'),
(2491, 15000, 4100, 6, 1757, 145, 0, NULL, 'PALMAS DEL SOCORRO', 'SANTANDER'),
(2492, 15000, 4100, 6, 1758, 145, 0, NULL, 'PARAMO', 'SANTANDER'),
(2493, 12000, 2000, 6, 718, 145, 0, NULL, 'PIEDECUESTA', 'SANTANDER'),
(2494, 15000, 4100, 6, 1760, 145, 0, NULL, 'PINCHOTE', 'SANTANDER'),
(2495, 15000, 4100, 6, 727, 145, 0, NULL, 'PUENTE NACIONAL', 'SANTANDER'),
(2496, 15000, 4100, 6, 1762, 145, 0, NULL, 'PUERTO PARRA', 'SANTANDER'),
(2497, 15000, 4100, 6, 735, 145, 0, NULL, 'PUERTO WILCHES', 'SANTANDER'),
(2498, 15000, 4100, 6, 747, 145, 0, NULL, 'RIONEGRO', 'SANTANDER'),
(2499, 15000, 4100, 6, 753, 145, 0, NULL, 'SABANA DE TORRES', 'SANTANDER'),
(2500, 15000, 4100, 6, 1766, 145, 0, NULL, 'SAN ANDRES', 'SANTANDER'),
(2501, 15000, 4100, 6, 1767, 145, 0, NULL, 'SAN BENITO', 'SANTANDER'),
(2502, 15000, 4100, 6, 767, 145, 0, NULL, 'SAN GIL', 'SANTANDER'),
(2503, 15000, 4100, 6, 1769, 145, 0, NULL, 'SAN JOAQUIN', 'SANTANDER'),
(2504, 15000, 4100, 6, 1770, 145, 0, NULL, 'SAN JOSE DE MIRANDA', 'SANTANDER'),
(2505, 15000, 4100, 6, 1771, 145, 0, NULL, 'SAN MIGUEL', 'SANTANDER'),
(2506, 15000, 4100, 6, 778, 145, 0, NULL, 'SAN VICENTE DE CHUCURI', 'SANTANDER'),
(2507, 15000, 4100, 6, 1773, 145, 0, NULL, 'SANTA BARBARA', 'SANTANDER'),
(2508, 15000, 4100, 6, 1774, 145, 0, NULL, 'SANTA HELENA DEL OPON', 'SANTANDER'),
(2509, 15000, 4100, 6, 1775, 145, 0, NULL, 'SIMACOTA', 'SANTANDER'),
(2510, 15000, 4100, 6, 803, 145, 0, NULL, 'SOCORRO', 'SANTANDER'),
(2511, 15000, 4100, 6, 1777, 145, 0, NULL, 'SUAITA', 'SANTANDER'),
(2512, 15000, 4100, 6, 1778, 145, 0, NULL, 'SUCRE', 'SANTANDER'),
(2513, 15000, 4100, 6, 1779, 145, 0, NULL, 'SURATA', 'SANTANDER'),
(2514, 15000, 4100, 6, 1780, 145, 0, NULL, 'TONA', 'SANTANDER'),
(2515, 15000, 4100, 6, 1781, 145, 0, NULL, 'VALLE DE SAN JOSE', 'SANTANDER'),
(2516, 15000, 4100, 6, 833, 145, 0, NULL, 'VELEZ', 'SANTANDER'),
(2517, 15000, 4100, 6, 1783, 145, 0, NULL, 'VETAS', 'SANTANDER'),
(2518, 15000, 4100, 6, 1785, 145, 0, NULL, 'ZAPATOCA', 'SANTANDER'),
(2519, 15000, 4100, 6, 1787, 150, 0, NULL, 'CAIMITO', 'SUCRE'),
(2520, 15000, 4100, 6, 1788, 150, 0, NULL, 'CHALAN', 'SUCRE'),
(2521, 15000, 4100, 6, 1789, 150, 0, NULL, 'COLOSO', 'SUCRE'),
(2522, 15000, 4100, 6, 578, 150, 0, NULL, 'COROZAL', 'SUCRE'),
(2523, 15000, 4100, 6, 580, 150, 0, NULL, 'COVEÑAS', 'SUCRE'),
(2524, 15000, 4100, 6, 1792, 150, 0, NULL, 'EL ROBLE', 'SUCRE'),
(2525, 15000, 4100, 6, 1793, 150, 0, NULL, 'GALERAS', 'SUCRE'),
(2526, 15000, 4100, 6, 1794, 150, 0, NULL, 'GUARANDA', 'SUCRE'),
(2527, 15000, 4100, 6, 1796, 150, 0, NULL, 'LOS PALMITOS', 'SUCRE'),
(2528, 15000, 4100, 6, 1797, 150, 0, NULL, 'MAJAGUAL', 'SUCRE'),
(2529, 15000, 4100, 6, 688, 150, 0, NULL, 'MORROA', 'SUCRE'),
(2530, 15000, 4100, 6, 701, 150, 0, NULL, 'OVEJAS', 'SUCRE'),
(2531, 15000, 4100, 6, 1800, 150, 0, NULL, 'PALMITO', 'SUCRE'),
(2532, 15000, 4100, 6, 761, 150, 0, NULL, 'SAMPUES', 'SUCRE'),
(2533, 15000, 4100, 6, 1802, 150, 0, NULL, 'SAN BENITO ABAD', 'SUCRE'),
(2534, 15000, 4100, 6, 1803, 150, 0, NULL, 'SAN JUAN DE BETULIA', 'SUCRE'),
(2535, 15000, 4100, 6, 1804, 150, 0, NULL, 'SAN LUIS DE SINCE', 'SUCRE'),
(2536, 15000, 4100, 6, 772, 150, 0, NULL, 'SAN MARCOS', 'SUCRE');
INSERT INTO `campania_regiones_wdsl` (`idcampania_regiones_wdsl`, `precio`, `precio_extra`, `id`, `idProvince`, `idState`, `estatus`, `ip`, `procince_name`, `state_name`) VALUES
(2537, 15000, 4100, 6, 775, 150, 0, NULL, 'SAN ONOFRE', 'SUCRE'),
(2538, 15000, 4100, 6, 776, 150, 0, NULL, 'SAN PEDRO', 'SUCRE'),
(2539, 15000, 4100, 6, 1808, 150, 0, NULL, 'SANTIAGO DE TOLU', 'SUCRE'),
(2540, 7500, 2000, 6, 799, 150, 0, NULL, 'SINCELEJO', 'SUCRE'),
(2541, 15000, 4100, 6, 1810, 150, 0, NULL, 'SUCRE', 'SUCRE'),
(2542, 15000, 4100, 6, 821, 150, 0, NULL, 'TOLU', 'SUCRE'),
(2543, 14000, 4100, 6, 1811, 150, 0, NULL, 'TOLU VIEJO', 'SUCRE'),
(2544, 15000, 4100, 6, 822, 150, 0, NULL, 'TOLUVIEJO', 'SUCRE'),
(2545, 15000, 4100, 6, 1813, 136, 0, NULL, 'ALPUJARRA', 'TOLIMA'),
(2546, 15000, 4100, 6, 507, 136, 0, NULL, 'ALVARADO', 'TOLIMA'),
(2547, 15000, 4100, 6, 510, 136, 0, NULL, 'AMBALEMA', 'TOLIMA'),
(2548, 15000, 4100, 6, 1816, 136, 0, NULL, 'ANZOATEGUI', 'TOLIMA'),
(2549, 15000, 4100, 6, 1817, 136, 0, NULL, 'ARMERO', 'TOLIMA'),
(2550, 15000, 4100, 6, 1818, 136, 0, NULL, 'ATACO', 'TOLIMA'),
(2551, 15000, 4100, 6, 548, 136, 0, NULL, 'CAJAMARCA', 'TOLIMA'),
(2552, 15000, 4100, 6, 1820, 136, 0, NULL, 'CARMEN DE APICALA', 'TOLIMA'),
(2553, 15000, 4100, 6, 1821, 136, 0, NULL, 'CASABIANCA', 'TOLIMA'),
(2554, 15000, 4100, 6, 563, 136, 0, NULL, 'CHAPARRAL', 'TOLIMA'),
(2555, 15000, 4100, 6, 566, 136, 0, NULL, 'CHICORAL', 'TOLIMA'),
(2556, 15000, 4100, 6, 1823, 136, 0, NULL, 'COELLO', 'TOLIMA'),
(2557, 15000, 4100, 6, 581, 136, 0, NULL, 'COYAIMA', 'TOLIMA'),
(2558, 15000, 4100, 6, 1825, 136, 0, NULL, 'CUNDAY', 'TOLIMA'),
(2559, 15000, 4100, 6, 1826, 136, 0, NULL, 'DOLORES', 'TOLIMA'),
(2560, 15000, 4100, 6, 599, 136, 0, NULL, 'ESPINAL', 'TOLIMA'),
(2561, 15000, 4100, 6, 1828, 136, 0, NULL, 'FALAN', 'TOLIMA'),
(2562, 15000, 4100, 6, 601, 136, 0, NULL, 'FLANDES', 'TOLIMA'),
(2563, 15000, 4100, 6, 608, 136, 0, NULL, 'FRESNO', 'TOLIMA'),
(2564, 15000, 4100, 6, 628, 136, 0, NULL, 'GUAMO', 'TOLIMA'),
(2565, 15000, 4100, 6, 633, 136, 0, NULL, 'GUAYABAL', 'TOLIMA'),
(2566, 15000, 4100, 6, 1832, 136, 0, NULL, 'HERVEO', 'TOLIMA'),
(2567, 15000, 4100, 6, 637, 136, 0, NULL, 'HONDA', 'TOLIMA'),
(2568, 11500, 3500, 6, 638, 136, 0, NULL, 'IBAGUE', 'TOLIMA'),
(2569, 15000, 4100, 6, 1834, 136, 0, NULL, 'ICONONZO', 'TOLIMA'),
(2570, 15000, 4100, 6, 664, 136, 0, NULL, 'LERIDA', 'TOLIMA'),
(2571, 15000, 4100, 6, 665, 136, 0, NULL, 'LIBANO', 'TOLIMA'),
(2572, 15000, 4100, 6, 676, 136, 0, NULL, 'MARIQUITA', 'TOLIMA'),
(2573, 15000, 4100, 6, 678, 136, 0, NULL, 'MELGAR', 'TOLIMA'),
(2574, 15000, 4100, 6, 1839, 136, 0, NULL, 'MURILLO', 'TOLIMA'),
(2575, 15000, 4100, 6, 691, 136, 0, NULL, 'NATAGAIMA', 'TOLIMA'),
(2576, 15000, 4100, 6, 700, 136, 0, NULL, 'ORTEGA', 'TOLIMA'),
(2577, 15000, 4100, 6, 1842, 136, 0, NULL, 'PALOCABILDO', 'TOLIMA'),
(2578, 15000, 4100, 6, 713, 136, 0, NULL, 'PAYANDE', 'TOLIMA'),
(2579, 15000, 4100, 6, 1843, 136, 0, NULL, 'PIEDRAS', 'TOLIMA'),
(2580, 15000, 4100, 6, 1844, 136, 0, NULL, 'PLANADAS', 'TOLIMA'),
(2581, 15000, 4100, 6, 725, 136, 0, NULL, 'PRADO', 'TOLIMA'),
(2582, 15000, 4100, 6, 736, 136, 0, NULL, 'PURIFICACION', 'TOLIMA'),
(2583, 15000, 4100, 6, 1847, 136, 0, NULL, 'RIOBLANCO', 'TOLIMA'),
(2584, 15000, 4100, 6, 1848, 136, 0, NULL, 'RONCESVALLES', 'TOLIMA'),
(2585, 15000, 4100, 6, 1849, 136, 0, NULL, 'ROVIRA', 'TOLIMA'),
(2586, 15000, 4100, 6, 758, 136, 0, NULL, 'SALDAÑA', 'TOLIMA'),
(2587, 15000, 4100, 6, 1851, 136, 0, NULL, 'SAN ANTONIO', 'TOLIMA'),
(2588, 15000, 4100, 6, 1852, 136, 0, NULL, 'SAN LUIS', 'TOLIMA'),
(2589, 15000, 4100, 6, 1853, 136, 0, NULL, 'SANTA ISABEL', 'TOLIMA'),
(2590, 15000, 4100, 6, 1854, 136, 0, NULL, 'SUAREZ', 'TOLIMA'),
(2591, 15000, 4100, 6, 1855, 136, 0, NULL, 'VALLE DE SAN JUAN', 'TOLIMA'),
(2592, 15000, 4100, 6, 834, 136, 0, NULL, 'VENADILLO', 'TOLIMA'),
(2593, 15000, 4100, 6, 1857, 136, 0, NULL, 'VILLAHERMOSA', 'TOLIMA'),
(2594, 15000, 4100, 6, 506, 135, 0, NULL, 'ALCALA', 'VALLE'),
(2595, 15000, 4100, 6, 509, 135, 0, NULL, 'AMAIME', 'VALLE'),
(2596, 14000, 4100, 6, 542, 135, 0, NULL, 'BUENAVENTURA', 'VALLE'),
(2597, 14000, 4100, 6, 545, 135, 0, NULL, 'BUGA', 'VALLE'),
(2598, 15000, 4100, 6, 544, 135, 0, NULL, 'BUGALAGRANDE', 'VALLE'),
(2599, 15000, 4100, 6, 547, 135, 0, NULL, 'CAICEDONIA', 'VALLE'),
(2600, 11500, 3500, 6, 552, 135, 0, NULL, 'CALI', 'VALLE'),
(2601, 15000, 4100, 6, 554, 135, 0, NULL, 'CANDELARIA', 'VALLE'),
(2602, 12000, 2000, 6, 560, 135, 0, NULL, 'CARTAGO', 'VALLE'),
(2603, 15000, 4100, 6, 586, 135, 0, NULL, 'DAGUA', 'VALLE'),
(2604, 15000, 4100, 6, 587, 135, 0, NULL, 'DARIEN', 'VALLE'),
(2605, 15000, 4100, 6, 593, 135, 0, NULL, 'EL CERRITO', 'VALLE'),
(2606, 15000, 4100, 6, 604, 135, 0, NULL, 'FLORIDA', 'VALLE'),
(2607, 15000, 4100, 6, 618, 135, 0, NULL, 'GINEBRA', 'VALLE'),
(2608, 15000, 4100, 6, 623, 135, 0, NULL, 'GUACARI', 'VALLE'),
(2609, 12000, 2000, 6, 642, 135, 0, NULL, 'JAMUNDI', 'VALLE'),
(2610, 15000, 4100, 6, 660, 135, 0, NULL, 'LA UNION', 'VALLE'),
(2611, 15000, 4100, 6, 696, 135, 0, NULL, 'OBANDO', 'VALLE'),
(2612, 12000, 2000, 6, 708, 135, 0, NULL, 'PALMIRA', 'VALLE'),
(2613, 15000, 4100, 6, 724, 135, 0, NULL, 'PRADERA', 'VALLE'),
(2614, 15000, 4100, 6, 742, 135, 0, NULL, 'RESTREPO', 'VALLE'),
(2615, 15000, 4100, 6, 744, 135, 0, NULL, 'RIOFRIO', 'VALLE'),
(2616, 15000, 4100, 6, 751, 135, 0, NULL, 'ROLDANILLO', 'VALLE'),
(2617, 15000, 4100, 6, 752, 135, 0, NULL, 'ROZO', 'VALLE'),
(2618, 15000, 4100, 6, 777, 135, 0, NULL, 'SAN PEDRO', 'VALLE'),
(2619, 15000, 4100, 6, 794, 135, 0, NULL, 'SEVILLA', 'VALLE'),
(2620, 14000, 4100, 6, 823, 135, 0, NULL, 'TULUA', 'VALLE'),
(2621, 15000, 4100, 6, 840, 135, 0, NULL, 'VILLAGORGONA', 'VALLE'),
(2622, 15000, 4100, 6, 850, 135, 0, NULL, 'YOTOCO', 'VALLE'),
(2623, 15000, 4100, 6, 851, 135, 0, NULL, 'YUMBO', 'VALLE'),
(2624, 15000, 4100, 6, 852, 135, 0, NULL, 'ZARZAL', 'VALLE'),
(2625, 15000, 4100, 6, 1964, 190, 0, NULL, 'CARURU', 'VAUPES'),
(2626, 15000, 4100, 6, 1965, 190, 0, NULL, 'MITU', 'VAUPES'),
(2627, 15000, 4100, 6, 1966, 190, 0, NULL, 'PACOA', 'VAUPES'),
(2628, 15000, 4100, 6, 1967, 190, 0, NULL, 'PAPUNAUA', 'VAUPES'),
(2629, 15000, 4100, 6, 1968, 190, 0, NULL, 'TARAIRA', 'VAUPES'),
(2630, 15000, 4100, 6, 1969, 190, 0, NULL, 'YAVARATE', 'VAUPES'),
(2631, 15000, 4100, 6, 1970, 156, 0, NULL, 'CUMARIBO', 'VICHADA'),
(2632, 15000, 4100, 6, 1971, 156, 0, NULL, 'LA PRIMAVERA', 'VICHADA'),
(2633, 15000, 4100, 6, 730, 156, 0, NULL, 'PUERTO CARREÑO', 'VICHADA'),
(2634, 15000, 4100, 6, 1973, 156, 0, NULL, 'SANTA ROSALIA', 'VICHADA');

-- --------------------------------------------------------

--
-- Estructura de tabla para la tabla `cupones`
--

CREATE TABLE `cupones` (
  `id_cupon` int(40) NOT NULL COMMENT 'Id del cupon',
  `nombre` varchar(40) DEFAULT NULL COMMENT 'Nombre del cupon',
  `tipo_cupon` int(5) DEFAULT NULL COMMENT 'Tipo de cupon, puede ser 1 porcentaje o 2 valor',
  `valor` int(40) DEFAULT NULL COMMENT 'Valor del cupon',
  `estatus` int(2) DEFAULT NULL COMMENT 'Estatus del cupon, puede ser 0 inactivo o 1 activo'
) ENGINE=MyISAM DEFAULT CHARSET=latin1 COMMENT='Tabla donde se guardan los cupones para la tienda';

-- --------------------------------------------------------

--
-- Estructura de tabla para la tabla `cupones_pro_cate`
--

CREATE TABLE `cupones_pro_cate` (
  `idcupones_pro_cate` int(11) NOT NULL,
  `idcupones_wdsl` int(11) DEFAULT NULL,
  `ProductReference` varchar(120) DEFAULT NULL,
  `IdCategory` int(11) DEFAULT NULL
) ENGINE=InnoDB DEFAULT CHARSET=latin1;

--
-- Volcado de datos para la tabla `cupones_pro_cate`
--

INSERT INTO `cupones_pro_cate` (`idcupones_pro_cate`, `idcupones_wdsl`, `ProductReference`, `IdCategory`) VALUES
(316, 23, 'BI15X20PEN', NULL),
(317, 23, 'FNB15x20TESTONLY', NULL),
(318, 24, '20x20', NULL),
(319, 25, 'FLTBK20X20TESTONLY', NULL),
(320, 26, 'FLATBOOK20X20CM', NULL),
(321, 27, 'FLTBK20X20TESTONLY', NULL),
(322, 28, NULL, 6),
(323, 29, NULL, 1),
(324, 29, NULL, 2),
(325, 29, NULL, 3),
(326, 29, NULL, 4),
(327, 29, NULL, 5),
(328, 29, NULL, 6),
(329, 29, NULL, 7),
(330, 29, NULL, 10),
(331, 29, NULL, 12),
(332, 29, NULL, 13),
(333, 29, NULL, 14),
(334, 29, NULL, 15),
(335, 30, '20x20', NULL),
(336, 31, '20x20', NULL),
(337, 31, '22x28', NULL),
(338, 31, '30x30pruebatela', NULL),
(339, 31, 'BI15X20PEN', NULL),
(340, 31, 'BI22X28PEN', NULL),
(341, 31, 'BI28X22PEN', NULL),
(342, 31, 'BI38X29PEN', NULL),
(343, 31, 'BI8x8cm', NULL),
(344, 31, 'BOOK  15x20 FLAT', NULL),
(345, 31, 'BOOK FLAT 30x20', NULL),
(346, 31, 'BOOK22X28FLATPHOTO', NULL),
(347, 31, 'book30x30cueroprof', NULL),
(348, 31, 'book30x30PEprof', NULL),
(349, 31, 'BOOKCUERO30X30', NULL),
(350, 31, 'Cool_art30x30flat', NULL),
(351, 31, 'Cuero Premium', NULL),
(352, 31, 'FLATBOOK20X20CM', NULL),
(353, 31, 'FLTBK20X20TESTONLY', NULL),
(354, 31, 'FNB15x20TESTONLY', NULL),
(355, 31, 'Indigo30x30', NULL),
(356, 31, 'Lino_premim', NULL),
(357, 31, 'PBFCUERO', NULL),
(358, 31, 'PremiunflatS', NULL),
(359, 31, 'PROFLAT30X30BOOK', NULL),
(360, 31, 'proIndigodelux30x30', NULL),
(361, 31, 'Smart 20x20', NULL);

-- --------------------------------------------------------

--
-- Estructura de tabla para la tabla `cupones_wdsl`
--

CREATE TABLE `cupones_wdsl` (
  `idcupones_wdsl` int(11) NOT NULL,
  `referencia` varchar(200) DEFAULT NULL,
  `campania` varchar(200) DEFAULT NULL,
  `fecha_inicio` date DEFAULT NULL,
  `fecha_final` date DEFAULT NULL,
  `tipo` int(11) DEFAULT NULL COMMENT '1 Producto, 2 Categoría',
  `cantidad` int(11) DEFAULT NULL,
  `prefijo` varchar(45) DEFAULT NULL,
  `cantidad_utilizadas` int(11) DEFAULT NULL,
  `infinito` int(11) DEFAULT NULL,
  `des_valor_tipo` int(11) DEFAULT NULL,
  `valor_des_tipo` int(11) DEFAULT NULL,
  `des_envio_tipo` int(11) DEFAULT NULL,
  `valor_des_envio` int(11) DEFAULT NULL,
  `estado` int(11) DEFAULT NULL,
  `registro` timestamp NULL DEFAULT CURRENT_TIMESTAMP ON UPDATE CURRENT_TIMESTAMP
) ENGINE=InnoDB DEFAULT CHARSET=latin1;

--
-- Volcado de datos para la tabla `cupones_wdsl`
--

INSERT INTO `cupones_wdsl` (`idcupones_wdsl`, `referencia`, `campania`, `fecha_inicio`, `fecha_final`, `tipo`, `cantidad`, `prefijo`, `cantidad_utilizadas`, `infinito`, `des_valor_tipo`, `valor_des_tipo`, `des_envio_tipo`, `valor_des_envio`, `estado`, `registro`) VALUES
(23, 'Categoria', 'Categoria', '2019-04-12', '2019-04-14', 1, 2, 'QUINE', 3, NULL, 1, 25, 2, 20, 2, '2019-04-28 20:03:11'),
(24, 'FLTBK20X20TESTONLY', 'FLTBK20X20TESTONLY', '2019-04-28', '2019-04-30', 1, 1, 'PRIMER', 2, NULL, 1, 50000, 1, 20000, 2, '2019-04-28 20:26:37'),
(25, 'FNB15x20TESTONLY', 'FNB15x20TESTONLY', '2019-04-20', '2019-05-02', 1, 1, 'PHO', 2, NULL, 1, 50000, 1, 50000, 2, '2019-04-28 20:26:35'),
(26, 'FLTBK20X20TESTONLYV3', 'FLTBK20X20TESTONLYV3', '2019-04-20', '2019-05-04', 1, 1, 'NUEVO', 2, NULL, 1, 4500, 1, 3500, 2, '2019-04-28 20:31:38'),
(27, 'FLTBK20X20TESTONLY-r', 'FLTBK20X20TESTONLY-r', '2019-04-19', '2019-05-03', 1, 2, 'FINA', 2, NULL, 2, 50, 1, 3500, 2, '2019-04-28 23:41:30'),
(28, 'cate', 'cate', '2019-04-27', '2019-04-21', 2, 1, 'DE', 2, NULL, 1, 23, 1, 23, 2, '2019-04-28 23:43:45'),
(29, 'CAMAPNIA', 'CAMAPNIA', '2019-04-26', '2019-05-01', 2, 1, 'COMPANIA', 1, NULL, -1, 2566, 1, 2500, 1, '2019-04-29 21:31:21'),
(30, 'TEST', 'TEST', '2019-06-19', '2019-06-19', 1, 1, 'TEST', 1, NULL, 1, 137000, -1, 0, 1, '2019-06-19 18:59:11'),
(31, 'test2', 'test2', '2019-06-19', '2019-06-20', 1, 1, 'test2', 1, NULL, 1, 137000, -1, 0, 1, '2019-06-19 19:04:58');

-- --------------------------------------------------------

--
-- Estructura de tabla para la tabla `c_categoria`
--

CREATE TABLE `c_categoria` (
  `idc_categoria` int(11) NOT NULL,
  `nombre` varchar(45) DEFAULT NULL
) ENGINE=InnoDB DEFAULT CHARSET=utf8;

--
-- Volcado de datos para la tabla `c_categoria`
--

INSERT INTO `c_categoria` (`idc_categoria`, `nombre`) VALUES
(1, 'General');

-- --------------------------------------------------------

--
-- Estructura de tabla para la tabla `c_categorias_wdsl`
--

CREATE TABLE `c_categorias_wdsl` (
  `IdCategory` int(11) NOT NULL,
  `NameCategory` varchar(100) DEFAULT NULL,
  `RefCategory` varchar(100) DEFAULT NULL
) ENGINE=InnoDB DEFAULT CHARSET=latin1;

--
-- Volcado de datos para la tabla `c_categorias_wdsl`
--

INSERT INTO `c_categorias_wdsl` (`IdCategory`, `NameCategory`, `RefCategory`) VALUES
(1, 'Calendarios', '1'),
(2, 'Marcos & Retablos', '2'),
(3, 'Tarjetas', '3'),
(4, 'Fotoregalo', '4'),
(5, 'Fotos', '5'),
(6, 'PhotoBook', '6'),
(7, 'Poster', '7'),
(10, 'Revista', '10'),
(12, 'Productos Instagram ', '12'),
(13, 'Lienzo & Multi lienzo', '13'),
(14, 'Ampliaciones ', '14'),
(15, 'Cajaphotobooks', '15');

-- --------------------------------------------------------

--
-- Estructura de tabla para la tabla `c_productos_categorias`
--

CREATE TABLE `c_productos_categorias` (
  `IdCategory` int(11) NOT NULL,
  `ProductReference` varchar(120) NOT NULL,
  `registro` timestamp NULL DEFAULT CURRENT_TIMESTAMP ON UPDATE CURRENT_TIMESTAMP
) ENGINE=InnoDB DEFAULT CHARSET=latin1;

--
-- Volcado de datos para la tabla `c_productos_categorias`
--

INSERT INTO `c_productos_categorias` (`IdCategory`, `ProductReference`, `registro`) VALUES
(1, 'Calendario12x24', '2019-06-19 18:52:57'),
(1, 'calentesteeee', '2019-06-19 18:52:57'),
(1, 'testcalen', '2019-06-19 18:52:57'),
(2, 'Fotoretablo 30x40', '2019-06-19 18:52:57'),
(2, 'Fotoretablo20x30', '2019-06-19 18:52:57'),
(2, 'FOTORETABLO30X40', '2019-06-19 18:52:57'),
(2, 'Fotoretablo_15x20', '2019-06-19 18:52:57'),
(2, 'marco110293', '2019-06-19 18:52:57'),
(2, 'marco110294', '2019-06-19 18:52:57'),
(2, 'marco110295', '2019-06-19 18:52:57'),
(2, 'marco110356', '2019-06-19 18:52:57'),
(2, 'marco110357', '2019-06-19 18:52:57'),
(2, 'marco110359', '2019-06-19 18:52:57'),
(2, 'marco110360', '2019-06-19 18:52:57'),
(2, 'marco110436', '2019-06-19 18:52:57'),
(2, 'marco110438', '2019-06-19 18:52:57'),
(2, 'marco110448', '2019-06-19 18:52:57'),
(2, 'marco110452', '2019-06-19 18:52:57'),
(2, 'marco110581', '2019-06-19 18:52:57'),
(2, 'marco110582', '2019-06-19 18:52:57'),
(2, 'marco110590', '2019-06-19 18:52:57'),
(2, 'marco110593', '2019-06-19 18:52:57'),
(2, 'marco55555', '2019-06-19 18:52:57'),
(3, 'CardClassic', '2019-06-19 18:52:57'),
(3, 'CardDiptych', '2019-06-19 18:52:57'),
(3, 'membretes', '2019-06-19 18:52:57'),
(3, 'Tarjetas', '2019-06-19 18:52:57'),
(3, 'TPRESENTACION', '2019-06-19 18:52:57'),
(4, 'blocnotas', '2019-06-19 18:52:57'),
(4, 'Calendar2017', '2019-06-19 18:52:57'),
(4, 'Calendario', '2019-06-19 18:52:57'),
(4, 'Calendario31x45', '2019-06-19 18:52:57'),
(4, 'CARAMAÑOLA  PITILLO', '2019-06-19 18:52:57'),
(4, 'Cojin 40x40', '2019-06-19 18:52:57'),
(4, 'COJIN10', '2019-06-19 18:52:57'),
(4, 'cojin30x30estampadocompleto', '2019-06-19 18:52:57'),
(4, 'Cojin40x40completo', '2019-06-19 18:52:57'),
(4, 'cojin50x50', '2019-06-19 18:52:57'),
(4, 'Cojn 30x30 Estampado completo', '2019-06-19 18:52:57'),
(4, 'cuaderno16x22', '2019-06-19 18:52:57'),
(4, 'cuaderno22x28', '2019-06-19 18:52:57'),
(4, 'gorras', '2019-06-19 18:52:57'),
(4, 'magneticprint', '2019-06-19 18:52:57'),
(4, 'mug10', '2019-06-19 18:52:57'),
(4, 'mug4', '2019-06-19 18:52:57'),
(4, 'padmouse', '2019-06-19 18:52:57'),
(4, 'padmouser', '2019-06-19 18:52:57'),
(4, 'polaroid', '2019-06-19 18:52:57'),
(4, 'sueter', '2019-06-19 18:52:57'),
(4, 'TERMO PARA CARRO', '2019-06-19 18:52:57'),
(4, 'VASO CERVECERO OPALIZADO', '2019-06-19 18:52:57'),
(5, '10x15a', '2019-06-19 18:52:57'),
(5, '10x15test', '2019-06-19 18:52:57'),
(5, '13x18', '2019-06-19 18:52:57'),
(5, '15x20revel', '2019-06-19 18:52:57'),
(5, 'Minipolaroid5x5cm', '2019-06-19 18:52:57'),
(5, 'polaroid', '2019-06-19 18:52:57'),
(5, 'Polaroidbasica', '2019-06-19 18:52:57'),
(5, 'polaroidnomagnetica', '2019-06-19 18:52:57'),
(5, 'PRO10X15FOTO', '2019-06-19 18:52:57'),
(5, 'PRO13X18FOTO', '2019-06-19 18:52:57'),
(5, 'PRO15X20FOTO', '2019-06-19 18:52:57'),
(6, '20x20', '2019-06-19 18:52:57'),
(6, '22x28', '2019-06-19 18:52:57'),
(6, '30x30pruebatela', '2019-06-19 18:52:57'),
(6, 'BI15X20PEN', '2019-06-19 18:52:57'),
(6, 'BI22X28PEN', '2019-06-19 18:52:57'),
(6, 'BI28X22PEN', '2019-06-19 18:52:57'),
(6, 'BI38X29PEN', '2019-06-19 18:52:57'),
(6, 'BI8x8cm', '2019-06-19 18:52:57'),
(6, 'BOOK  15x20 FLAT', '2019-06-19 18:52:57'),
(6, 'BOOK FLAT 30x20', '2019-06-19 18:52:57'),
(6, 'BOOK22X28FLATPHOTO', '2019-06-19 18:52:57'),
(6, 'book30x30cueroprof', '2019-06-19 18:52:57'),
(6, 'book30x30PEprof', '2019-06-19 18:52:57'),
(6, 'BOOKCUERO30X30', '2019-06-19 18:52:57'),
(6, 'Cool_art30x30flat', '2019-06-19 18:52:57'),
(6, 'Cuero Premium', '2019-06-19 18:52:57'),
(6, 'FLATBOOK20X20CM', '2019-06-19 18:52:57'),
(6, 'FLTBK20X20TESTONLY', '2019-06-19 18:52:57'),
(6, 'FNB15x20TESTONLY', '2019-06-19 18:52:57'),
(6, 'Indigo30x30', '2019-06-19 18:52:57'),
(6, 'Lino_premim', '2019-06-19 18:52:57'),
(6, 'PBFCUERO', '2019-06-19 18:52:57'),
(6, 'PremiunflatS', '2019-06-19 18:52:57'),
(6, 'PROFLAT30X30BOOK', '2019-06-19 18:52:57'),
(6, 'proIndigodelux30x30', '2019-06-19 18:52:57'),
(6, 'Smart 20x20', '2019-06-19 18:52:57'),
(7, '100 x 100', '2019-06-19 18:52:57'),
(10, 'revista16pag', '2019-06-19 18:52:57'),
(10, 'revista20pag', '2019-06-19 18:52:57'),
(12, 'BI8x8cm', '2019-06-19 18:52:57'),
(12, 'InstaCanvas', '2019-06-19 18:52:57'),
(12, 'polaroid', '2019-06-19 18:52:57'),
(12, 'polaroidnomagnetica', '2019-06-19 18:52:57'),
(13, 'canvas20x30', '2019-06-19 18:52:57'),
(13, 'canvas30x30', '2019-06-19 18:52:57'),
(13, 'canvas40x30', '2019-06-19 18:52:57'),
(13, 'canvas50x40', '2019-06-19 18:52:57'),
(13, 'canvas50x50', '2019-06-19 18:52:57'),
(13, 'canvas70x50', '2019-06-19 18:52:57'),
(13, 'canvas90x60', '2019-06-19 18:52:57'),
(13, 'Four', '2019-06-19 18:52:57'),
(13, 'Hiperlienzo Trptico 135x70 cm', '2019-06-19 18:52:57'),
(13, 'InstaCanvas', '2019-06-19 18:52:57'),
(13, 'lienzo76x55cmx4', '2019-06-19 18:52:57'),
(13, 'Lienzo90x90', '2019-06-19 18:52:57'),
(13, 'LIENZOTESTONLY', '2019-06-19 18:52:57'),
(13, 'MUTLI Tríptico 27x25 cm', '2019-06-19 18:52:57'),
(13, 'Trptico 78x36 cm', '2019-06-19 18:52:57'),
(13, 'Ultralienzo 72x76x6', '2019-06-19 18:52:57'),
(14, '20x28', '2019-06-19 18:52:57'),
(14, '30x40', '2019-06-19 18:52:57'),
(14, '50x60', '2019-06-19 18:52:57'),
(14, '50x70', '2019-06-19 18:52:57'),
(14, '50x80', '2019-06-19 18:52:57'),
(14, 'fotos60x90', '2019-06-19 18:52:57'),
(14, 'postertest', '2019-06-19 18:52:57'),
(14, 'PRO30X40FOTO', '2019-06-19 18:52:57'),
(14, 'PRO40X50AMP', '2019-06-19 18:52:57'),
(14, 'PRO50x70AMP', '2019-06-19 18:52:57'),
(15, 'caja_book1', '2019-06-19 18:52:57'),
(15, 'caja_pino', '2019-06-19 18:52:57');

-- --------------------------------------------------------

--
-- Estructura de tabla para la tabla `c_productos_wdsl`
--

CREATE TABLE `c_productos_wdsl` (
  `ProductReference` varchar(120) NOT NULL,
  `Name` varchar(100) DEFAULT NULL,
  `Product_type` varchar(100) DEFAULT NULL,
  `registro` timestamp NULL DEFAULT CURRENT_TIMESTAMP ON UPDATE CURRENT_TIMESTAMP
) ENGINE=InnoDB DEFAULT CHARSET=latin1;

--
-- Volcado de datos para la tabla `c_productos_wdsl`
--

INSERT INTO `c_productos_wdsl` (`ProductReference`, `Name`, `Product_type`, `registro`) VALUES
('100 x 100', 'Lienzo vertical Tríptico 78x36 cm', 'multicanvas', '2019-06-19 18:52:57'),
('10x15a', 'Foto 10x15', 'photo', '2019-06-19 18:52:57'),
('10x15test', 'test 10x15', 'photo', '2019-06-19 18:52:57'),
('13x18', 'Foto 13x18', 'photo', '2019-06-19 18:52:57'),
('15x20revel', 'Foto 15x20', 'photo', '2019-06-19 18:52:57'),
('20x20', 'Photobook 20X20CM Flat', 'photobook', '2019-06-19 18:52:57'),
('20x28', 'Foto 20x30', 'photo', '2019-06-19 18:52:57'),
('22x28', 'Photobook 22X28 CM Flat', 'photobook', '2019-06-19 18:52:57'),
('30x30pruebatela', '30x30pruebatela', 'photobook', '2019-06-19 18:52:57'),
('30x40', 'Foto 30x40', 'photo', '2019-06-19 18:52:57'),
('50x60', 'Foto 50x60', 'photo', '2019-06-19 18:52:57'),
('50x70', 'Foto 50x70', 'photo', '2019-06-19 18:52:57'),
('50x80', 'Foto 50x80', 'photo', '2019-06-19 18:52:57'),
('BI15X20PEN', 'FUNBOOK 20X15', 'photobook', '2019-06-19 18:52:57'),
('BI22X28PEN', 'FUNBOOK 20X30 VERTICAL', 'photobook', '2019-06-19 18:52:57'),
('BI28X22PEN', 'FUNBOOK 30X20 HORIZONTAL', 'photobook', '2019-06-19 18:52:57'),
('BI38X29PEN', 'FUNBOOK 40X30', 'photobook', '2019-06-19 18:52:57'),
('BI8x8cm', 'FUNBOOK 8x8 cm PADILLA', 'photobook', '2019-06-19 18:52:57'),
('blocnotas', 'Bloc de Notas 15X20', 'calendar', '2019-06-19 18:52:57'),
('BOOK  15x20 FLAT', 'Photobook 15X20 Flat', 'photobook', '2019-06-19 18:52:57'),
('BOOK FLAT 30x20', 'Photobook 30X20 Flat', 'photobook', '2019-06-19 18:52:57'),
('BOOK22X28FLATPHOTO', 'Photobook 20X30 CM Flat', 'photobook', '2019-06-19 18:52:57'),
('book30x30cueroprof', 'Photobook  Cuero 30X30cm', 'photobook', '2019-06-19 18:52:57'),
('book30x30PEprof', '30X30CM Flat', 'photobook', '2019-06-19 18:52:57'),
('BOOKCUERO30X30', 'Photobook  Cuero 30X30cm', 'photobook', '2019-06-19 18:52:57'),
('caja_book1', 'Caja Madera', 'poster', '2019-06-19 18:52:57'),
('caja_pino', 'Caja pino 40x40cm', 'extra', '2019-06-19 18:52:57'),
('Calendar2017', 'Calendario 2017', 'calendar', '2019-06-19 18:52:57'),
('Calendario', 'Calendario 15x20', 'calendar', '2019-06-19 18:52:57'),
('Calendario12x24', 'Calendario de escritorio 12x24cm', 'gift', '2019-06-19 18:52:57'),
('Calendario31x45', 'Calendario Tabloide 31x45', 'calendar', '2019-06-19 18:52:57'),
('calentesteeee', 'calendario de preuba', 'gift', '2019-06-19 18:52:57'),
('canvas20x30', 'Lienzo 30x20', 'canvas', '2019-06-19 18:52:57'),
('canvas30x30', 'Lienzo 30x30', 'canvas', '2019-06-19 18:52:57'),
('canvas40x30', 'Lienzo 40x30', 'canvas', '2019-06-19 18:52:57'),
('canvas50x40', 'Lienzo 50x40', 'canvas', '2019-06-19 18:52:57'),
('canvas50x50', 'Lienzo 50x50', 'canvas', '2019-06-19 18:52:57'),
('canvas70x50', 'Lienzo 70x50', 'canvas', '2019-06-19 18:52:57'),
('canvas90x60', 'Lienzo 90x60', 'canvas', '2019-06-19 18:52:57'),
('CARAMAÑOLA  PITILLO', 'CARAMAÑOLA  DEPORTIVA', 'gift', '2019-06-19 18:52:57'),
('CardClassic', 'Classic Card', 'cards', '2019-06-19 18:52:57'),
('CardDiptych', 'Tarjeta Diptica Horizontal', 'cards', '2019-06-19 18:52:57'),
('Cojin 40x40', 'Cojín 40x40 Estampado completo', 'gift', '2019-06-19 18:52:57'),
('COJIN10', 'Cojin Blanco 30x30 cm', 'gift', '2019-06-19 18:52:57'),
('cojin30x30estampadocompleto', 'Cojín 30x30cm Estampado completo', 'gift', '2019-06-19 18:52:57'),
('Cojin40x40completo', 'Cojín 40x40 Estampado completo', 'gift', '2019-06-19 18:52:57'),
('cojin50x50', 'Cojin Blanco 50x50 cm', 'gift', '2019-06-19 18:52:57'),
('Cojn 30x30 Estampado completo', 'Cojín 30x30cm Estampado completo', 'gift', '2019-06-19 18:52:57'),
('Cool_art30x30flat', 'Cool ART', 'photobook', '2019-06-19 18:52:57'),
('cuaderno16x22', 'Cuaderno 15x20', 'photobook', '2019-06-19 18:52:57'),
('cuaderno22x28', 'Cuaderno 20x26', 'photobook', '2019-06-19 18:52:57'),
('Cuero Premium', 'Cuero Premium', 'photobook', '2019-06-19 18:52:57'),
('FLATBOOK20X20CM', 'Photobook 20X20CM Flat', 'photobook', '2019-06-19 18:52:57'),
('FLTBK20X20TESTONLY', 'Photobook 20X20CM Flat', 'photobook', '2019-06-19 18:52:57'),
('FNB15x20TESTONLY', 'FUNBOOK 20X15', 'photobook', '2019-06-19 18:52:57'),
('Fotoretablo 30x40', 'Fotoretablo 30x40', 'poster', '2019-06-19 18:52:57'),
('Fotoretablo20x30', 'Fotoretablo 20x30 cm', 'canvas', '2019-06-19 18:52:57'),
('FOTORETABLO30X40', 'Fotoretablo 30x40', 'poster', '2019-06-19 18:52:57'),
('Fotoretablo_15x20', 'Fotoretablo 15x20', 'poster', '2019-06-19 18:52:57'),
('fotos60x90', 'Foto 60x90', 'photo', '2019-06-19 18:52:57'),
('Four', 'Four', 'multicanvas', '2019-06-19 18:52:57'),
('gorras', 'Gorras', 'gift', '2019-06-19 18:52:57'),
('Hiperlienzo Trptico 135x70 cm', 'Hiperlienzo Tríptico 135x70 cm', 'multicanvas', '2019-06-19 18:52:57'),
('Indigo30x30', 'FUNBOOK 30x30', 'photobook', '2019-06-19 18:52:57'),
('InstaCanvas', 'InstaCanvas', 'canvas', '2019-06-19 18:52:57'),
('lienzo76x55cmx4', 'Fotolienzo Gallery 76x55 cm', 'multicanvas', '2019-06-19 18:52:57'),
('Lienzo90x90', 'Lienzo 90x90', 'canvas', '2019-06-19 18:52:57'),
('LIENZOTESTONLY', 'Lienzo vertical Tríptico 78x36 cm', 'multicanvas', '2019-06-19 18:52:57'),
('Lino_premim', 'Lino Premium', 'photobook', '2019-06-19 18:52:57'),
('magneticprint', 'foto magnetica polaroid', 'gift', '2019-06-19 18:52:57'),
('marco110293', 'Fun frame Terracota', 'canvas', '2019-06-19 18:52:57'),
('marco110294', 'Fun frame Slim grunge', 'canvas', '2019-06-19 18:52:57'),
('marco110295', 'Fun frame Rojo vibrante', 'canvas', '2019-06-19 18:52:57'),
('marco110356', 'Fun frame teca beige', 'canvas', '2019-06-19 18:52:57'),
('marco110357', 'Fun frame Blanco', 'canvas', '2019-06-19 18:52:57'),
('marco110359', 'Fun frame nogal borde plata', 'canvas', '2019-06-19 18:52:57'),
('marco110360', 'Fun frame Negro', 'canvas', '2019-06-19 18:52:57'),
('marco110436', 'Premium frame  plateado  texturizado', 'canvas', '2019-06-19 18:52:57'),
('marco110438', 'Premium frame  Madera y oro viejo con textura', 'canvas', '2019-06-19 18:52:57'),
('marco110448', 'Premium frame beige grunge', 'canvas', '2019-06-19 18:52:57'),
('marco110452', 'Premium frame  grabado beige', 'canvas', '2019-06-19 18:52:57'),
('marco110581', 'Premium frame  oro quemado', 'canvas', '2019-06-19 18:52:57'),
('marco110582', 'Premium frame  wash beige hojas doradas', 'canvas', '2019-06-19 18:52:57'),
('marco110590', 'Premium frame   wash beige hojas plateadas', 'canvas', '2019-06-19 18:52:57'),
('marco110593', 'Premium frame Vintage blanco', 'canvas', '2019-06-19 18:52:57'),
('marco55555', 'Fun frame Pino', 'canvas', '2019-06-19 18:52:57'),
('membretes', 'Hojas Membreteadas', 'poster', '2019-06-19 18:52:57'),
('Minipolaroid5x5cm', 'Mini polaroid', 'gift', '2019-06-19 18:52:57'),
('mug10', 'Mug Blanco', 'gift', '2019-06-19 18:52:57'),
('mug4', 'Mug Blanco', 'gift', '2019-06-19 18:52:57'),
('MUTLI Tríptico 27x25 cm', 'Lienzo vertical Tríptico 27x25 cm', 'multicanvas', '2019-06-19 18:52:57'),
('padmouse', 'Pad Mouse Rectangular 18x25 cm', 'gift', '2019-06-19 18:52:57'),
('padmouser', 'Pad Mouse Redondo', 'gift', '2019-06-19 18:52:57'),
('PBFCUERO', 'Photobook  Cuero 20X30cm', 'photobook', '2019-06-19 18:52:57'),
('polaroid', 'Polaroid magnetica X12 uni', 'gift', '2019-06-19 18:52:57'),
('Polaroidbasica', 'Polaroid clasica X12 uni', 'gift', '2019-06-19 18:52:57'),
('polaroidnomagnetica', 'Polaroid X12 uni', 'gift', '2019-06-19 18:52:57'),
('postertest', 'postertest', 'poster', '2019-06-19 18:52:57'),
('PremiunflatS', 'PREMIUM PHOTOBOOK', 'photobook', '2019-06-19 18:52:57'),
('PRO10X15FOTO', 'Foto 10x15', 'photo', '2019-06-19 18:52:57'),
('PRO13X18FOTO', 'Foto 13x18', 'photo', '2019-06-19 18:52:57'),
('PRO15X20FOTO', 'Foto 15x20', 'photo', '2019-06-19 18:52:57'),
('PRO30X40FOTO', 'Foto 30x40', 'photo', '2019-06-19 18:52:57'),
('PRO40X50AMP', 'Foto 40x50', 'photo', '2019-06-19 18:52:57'),
('PRO50x70AMP', 'Foto 50x70', 'photo', '2019-06-19 18:52:57'),
('PROFLAT30X30BOOK', '30X30CM Flat', 'photobook', '2019-06-19 18:52:57'),
('proIndigodelux30x30', 'FUNBOOK 30x30', 'photobook', '2019-06-19 18:52:57'),
('revista16pag', 'Revista tapa Blanda', 'photobook', '2019-06-19 18:52:57'),
('revista20pag', 'Revista tipo folleto rigida', 'photobook', '2019-06-19 18:52:57'),
('Smart 20x20', 'Smart book 20x20', 'photobook', '2019-06-19 18:52:57'),
('sueter', 'Camiseta', 'gift', '2019-06-19 18:52:57'),
('Tarjetas', 'Tarjetas Dipticas Vertical', 'cards', '2019-06-19 18:52:57'),
('TERMO PARA CARRO', 'TERMO TERMICO CARRO', 'gift', '2019-06-19 18:52:57'),
('testcalen', 'testcalen', 'calendar', '2019-06-19 18:52:57'),
('TPRESENTACION', 'Tarjetas de Presentación 100 unidades', 'cards', '2019-06-19 18:52:57'),
('Trptico 78x36 cm', 'Lienzo vertical Tríptico 78x36 cm', 'multicanvas', '2019-06-19 18:52:57'),
('Ultralienzo 72x76x6', 'Ultralienzo 72x76cm', 'multicanvas', '2019-06-19 18:52:57'),
('VASO CERVECERO OPALIZADO', 'VASO MUG CERVECERO OPALIZADO', 'gift', '2019-06-19 18:52:57');

-- --------------------------------------------------------

--
-- Estructura de tabla para la tabla `c_tamanio`
--

CREATE TABLE `c_tamanio` (
  `idc_tamanio` int(11) NOT NULL,
  `nombre` varchar(45) DEFAULT NULL
) ENGINE=InnoDB DEFAULT CHARSET=utf8;

-- --------------------------------------------------------

--
-- Estructura de tabla para la tabla `descuento_productos`
--

CREATE TABLE `descuento_productos` (
  `iddescuento_productos` int(11) NOT NULL,
  `descuento` int(11) DEFAULT NULL,
  `idproductos_caracteristicas` int(11) NOT NULL,
  `idusuario` int(11) NOT NULL
) ENGINE=InnoDB DEFAULT CHARSET=utf8;

-- --------------------------------------------------------

--
-- Estructura de tabla para la tabla `direccion`
--

CREATE TABLE `direccion` (
  `iddireccion` int(11) NOT NULL,
  `idEstado` int(11) DEFAULT NULL,
  `idMunicipio` int(11) DEFAULT NULL,
  `calle` varchar(45) DEFAULT NULL,
  `numInt` varchar(45) DEFAULT NULL,
  `numExt` varchar(45) DEFAULT NULL,
  `cp` varchar(45) DEFAULT NULL,
  `colonia` varchar(45) DEFAULT NULL,
  `idusuario` int(11) NOT NULL
) ENGINE=InnoDB DEFAULT CHARSET=utf8;

-- --------------------------------------------------------

--
-- Estructura de tabla para la tabla `envios_cate_wdsl`
--

CREATE TABLE `envios_cate_wdsl` (
  `idenvios_cate_wdsl` int(11) NOT NULL,
  `idcampania` int(11) NOT NULL,
  `IdCategory` int(11) DEFAULT NULL
) ENGINE=InnoDB DEFAULT CHARSET=latin1;

--
-- Volcado de datos para la tabla `envios_cate_wdsl`
--

INSERT INTO `envios_cate_wdsl` (`idenvios_cate_wdsl`, `idcampania`, `IdCategory`) VALUES
(27, 3, 3),
(28, 3, 5),
(29, 3, 7),
(30, 3, 13);

-- --------------------------------------------------------

--
-- Estructura de tabla para la tabla `envios_productos_wdsl`
--

CREATE TABLE `envios_productos_wdsl` (
  `idenvios_productos_wdsl` int(11) NOT NULL,
  `ProductReference` varchar(120) DEFAULT NULL,
  `idcampania` int(11) NOT NULL
) ENGINE=InnoDB DEFAULT CHARSET=latin1;

--
-- Volcado de datos para la tabla `envios_productos_wdsl`
--

INSERT INTO `envios_productos_wdsl` (`idenvios_productos_wdsl`, `ProductReference`, `idcampania`) VALUES
(380, 'calentesteeee', 3),
(381, 'testcalen', 3),
(382, 'Fotoretablo20x30', 3),
(383, 'BI8x8cm', 3),
(384, '100 x 100', 3),
(385, '20x20', 6),
(386, '22x28', 6),
(387, '30x30pruebatela', 6),
(388, 'BI15X20PEN', 6),
(389, 'BI22X28PEN', 6),
(390, 'BI28X22PEN', 6),
(391, 'BI38X29PEN', 6),
(392, 'BI8x8cm', 6),
(393, 'BOOK  15x20 FLAT', 6),
(394, 'BOOK FLAT 30x20', 6),
(395, 'BOOK22X28FLATPHOTO', 6),
(396, 'book30x30cueroprof', 6),
(397, 'book30x30PEprof', 6),
(398, 'BOOKCUERO30X30', 6),
(399, 'Cool_art30x30flat', 6),
(400, 'Cuero Premium', 6),
(401, 'FLATBOOK20X20CM', 6),
(402, 'FLTBK20X20TESTONLY', 6),
(403, 'FNB15x20TESTONLY', 6),
(404, 'Indigo30x30', 6),
(405, 'Lino_premim', 6),
(406, 'PBFCUERO', 6),
(407, 'PremiunflatS', 6),
(408, 'PROFLAT30X30BOOK', 6),
(409, 'proIndigodelux30x30', 6),
(410, 'Smart 20x20', 6);

-- --------------------------------------------------------

--
-- Estructura de tabla para la tabla `facturacion`
--

CREATE TABLE `facturacion` (
  `idfacturacion` int(11) NOT NULL,
  `idusuario` int(11) NOT NULL,
  `nombre` varchar(200) DEFAULT NULL,
  `tipo_envio` int(11) DEFAULT '1' COMMENT '1 activo\\n0 inactivo',
  `total_compra` float DEFAULT NULL,
  `descuento` float DEFAULT NULL,
  `envio` float DEFAULT NULL,
  `cupon_envio` varchar(200) DEFAULT NULL,
  `email` varchar(200) DEFAULT NULL,
  `telefono` varchar(200) DEFAULT NULL,
  `sucursal` varchar(200) DEFAULT NULL,
  `calle` varchar(45) DEFAULT NULL,
  `ip` varchar(200) DEFAULT NULL,
  `referenceCode` varchar(150) DEFAULT NULL,
  `transactionState` varchar(150) DEFAULT NULL,
  `transactionId` varchar(150) DEFAULT NULL,
  `envioDomicilio` varchar(150) DEFAULT NULL,
  `enviolocal` varchar(150) DEFAULT NULL,
  `shippingCountry` varchar(45) DEFAULT NULL,
  `shippingCity` varchar(45) DEFAULT NULL,
  `registro` timestamp NULL DEFAULT CURRENT_TIMESTAMP ON UPDATE CURRENT_TIMESTAMP,
  `responseCode` varchar(45) DEFAULT NULL
) ENGINE=InnoDB DEFAULT CHARSET=utf8;

--
-- Volcado de datos para la tabla `facturacion`
--

INSERT INTO `facturacion` (`idfacturacion`, `idusuario`, `nombre`, `tipo_envio`, `total_compra`, `descuento`, `envio`, `cupon_envio`, `email`, `telefono`, `sucursal`, `calle`, `ip`, `referenceCode`, `transactionState`, `transactionId`, `envioDomicilio`, `enviolocal`, `shippingCountry`, `shippingCity`, `registro`, `responseCode`) VALUES
(34, 42380, 'Miko dasda dadsa ', 1, 1934000, NULL, 0, NULL, 'yhara.padillacz@gmail.com', '55666666', 'Calle 72 #47-30 Barranquilla Colombia', 'sdadsa dasdadsa', NULL, 'F000034', 'Transacción rechazada por código de sistema antifraude', 'f2783d1d-62e2-4a6a-934c-88630403e3bf', 'on', NULL, 'CUNDINAMARCA', 'CAQUEZA', '2019-05-22 02:43:31', 'ANTIFRAUD_REJECTED'),
(35, 42380, 'Miko dasda dadsa ', 1, 137000, NULL, 0, NULL, 'yhara.padillacz@gmail.com', '', 'Calle 72 #47-30 Barranquilla Colombia', '', NULL, 'F000035', 'Transacción rechazada por código de sistema antifraude', '62e80a5a-97da-4dbf-81a2-7bbab41a530b', 'on', NULL, '-1', '', '2019-05-22 02:43:31', 'ANTIFRAUD_REJECTED'),
(36, 42380, 'Miko dasda dadsa ', 1, 137000, NULL, 0, NULL, 'eduardopadillacz@gmail.com', '', 'Calle 72 #47-30 Barranquilla Colombia', '2da Cda Prol Palma', NULL, 'F000036', 'Transacción rechazada por código de sistema antifraude', 'ed5abf3a-7542-42c6-83a1-2d9fef5d56cf', 'on', NULL, 'GUAJIRA', 'URUMITA', '2019-05-22 02:43:32', 'ANTIFRAUD_REJECTED'),
(37, 42380, 'Eduardo Padilla Cruz Prueba', 1, 137000, NULL, 0, NULL, 'eduardopadillacz@gmail.com', '5555038625', 'Calle 72 #47-30 Barranquilla Colombia', '2da Cda Prol Palma', NULL, 'F000037', 'Transacción rechazada por código de sistema antifraude', '6a209601-4c38-4500-8345-ed504de55915', 'on', NULL, 'CUNDINAMARCA', 'CAQUEZA', '2019-05-22 02:42:56', 'ANTIFRAUD_REJECTED'),
(38, 42380, 'Eduardo Prueba', 1, 4000, NULL, 0, NULL, 'eduardopadillacz@gmail.com', '555503862', 'Calle 72 #47-30 Barranquilla Colombia', '2da Cda Prol Palma', NULL, 'F000038', 'Transacción rechazada por código de sistema antifraude', '605b1125-3aa1-4c61-af21-fe50f7bdab91', 'on', NULL, 'GUAJIRA', 'HATO NUEVO', '2019-05-22 02:52:08', 'ANTIFRAUD_REJECTED'),
(39, 42380, NULL, 1, 174700, NULL, 19100, NULL, NULL, NULL, NULL, NULL, NULL, NULL, NULL, NULL, NULL, NULL, NULL, NULL, '2019-05-29 04:59:19', NULL),
(40, 42421, 'deigo pulido ramirez ', 1, 11500, NULL, 7500, NULL, 'alhambra7247@gmail.com', '', 'Calle 72 #47-30 Barranquilla Colombia', 'sdfdsf ', NULL, 'F000040', 'Código de transacción aprobado', 'b8705c70-f92a-4cd8-b46e-24e282c43eac', 'on', NULL, 'ATLANTICO', 'BARRANQUILLA', '2019-05-29 20:42:09', 'APPROVED'),
(41, 42593, 'Ana Maria  Restrepo Ochoa', 1, 18000, NULL, 0, NULL, 'restrepoanita@hotmail.com', '3164486709', 'Calle 72 #47-30 Barranquilla Colombia', 'Calle 36 sur #27-10 Apto 506 unidad residenci', NULL, 'F000041', 'Código de transacción aprobado', 'afe378e2-7583-4295-a488-c6c3287b21ab', 'on', NULL, 'ANTIOQUIA', 'ENVIGADO', '2019-05-24 23:20:00', 'APPROVED'),
(42, 42593, NULL, 1, NULL, NULL, NULL, NULL, NULL, NULL, NULL, NULL, NULL, NULL, NULL, NULL, NULL, NULL, NULL, NULL, '2019-05-24 23:20:04', NULL),
(43, 42421, 'deigo pulido ramirez ', 1, 7500, NULL, 7500, NULL, 'alhambra7247@gmail.com', '34552', 'Calle 72 #47-30 Barranquilla Colombia', 'Calle 72 No 47\'-30', NULL, 'F000043', 'Código de transacción aprobado', 'fde0c2ec-f4e0-45c5-998b-09c75105ff9c', 'on', NULL, 'ATLANTICO', 'BARRANQUILLA', '2019-06-19 19:11:01', 'APPROVED'),
(44, 42421, NULL, 1, NULL, NULL, NULL, NULL, NULL, NULL, NULL, NULL, NULL, NULL, NULL, NULL, NULL, NULL, NULL, NULL, '2019-06-19 19:11:04', NULL);

-- --------------------------------------------------------

--
-- Estructura de tabla para la tabla `historial`
--

CREATE TABLE `historial` (
  `id_pedido` int(5) NOT NULL,
  `id_proyecto` int(15) NOT NULL COMMENT 'id del proyecto que viene del ws y el campo projectID',
  `id_cliente` int(15) NOT NULL,
  `nombre_proyecto` varchar(100) NOT NULL COMMENT 'valor del ws del campo projectName',
  `ruta_foto` varchar(500) NOT NULL COMMENT 'ruta donde se encuentra la foto, viene del ws del campo projectThumbnail',
  `categoria` varchar(100) NOT NULL COMMENT 'categoria del producto, viene del ws del campo projectCategory',
  `referencia` varchar(100) NOT NULL COMMENT 'referencia del producto, viene del ws del campo productReference',
  `fecha_compra` timestamp NOT NULL DEFAULT CURRENT_TIMESTAMP COMMENT 'fecha y hora de la compra',
  `reference_code` varchar(200) DEFAULT NULL COMMENT 'codigo de referencia de la compra',
  `transaction_state` varchar(100) DEFAULT NULL COMMENT 'estado de la transaccion',
  `transaction_id` varchar(100) DEFAULT NULL COMMENT 'id de la transaccion'
) ENGINE=MyISAM DEFAULT CHARSET=latin1;

--
-- Volcado de datos para la tabla `historial`
--

INSERT INTO `historial` (`id_pedido`, `id_proyecto`, `id_cliente`, `nombre_proyecto`, `ruta_foto`, `categoria`, `referencia`, `fecha_compra`, `reference_code`, `transaction_state`, `transaction_id`) VALUES
(1, 32358, 40039, 'bg', 'https://magifoto.s3.amazonaws.com/users/projects/7/7a9b54cdd15943dda51c2d3d268c9776/albuns/79ea63ed8cb24891b36591cba5173f5a/paginas/thumbnails/capa.png', 'poster', 'postertest', '2018-11-21 11:39:37', NULL, NULL, NULL),
(2, 32376, 40442, 'jjjjjj', 'https://magifoto.s3.amazonaws.com/users/projects/1/1201bb6ac70f40cdbce332448f9b4732/albuns/14f497f2ff1a4538b65e9e7ad3465510/paginas/thumbnails/capa.png', 'poster', 'postertest', '2018-11-21 19:34:10', NULL, NULL, NULL);

-- --------------------------------------------------------

--
-- Estructura de tabla para la tabla `key_cupones`
--

CREATE TABLE `key_cupones` (
  `idkey_cupones` varchar(100) NOT NULL,
  `estado` int(11) DEFAULT NULL COMMENT '1 Libre\n2 Utilizado',
  `cliente` varchar(100) DEFAULT NULL,
  `idcupones_wdsl` int(11) NOT NULL,
  `registro` timestamp NULL DEFAULT CURRENT_TIMESTAMP ON UPDATE CURRENT_TIMESTAMP
) ENGINE=InnoDB DEFAULT CHARSET=latin1;

--
-- Volcado de datos para la tabla `key_cupones`
--

INSERT INTO `key_cupones` (`idkey_cupones`, `estado`, `cliente`, `idcupones_wdsl`, `registro`) VALUES
('COMPANIA9A1BD0281B4D', 1, NULL, 29, '2019-04-28 23:44:23'),
('DE402E10E01544', 1, NULL, 28, '2019-04-28 23:42:33'),
('FINA24AC77C88CB2', 1, NULL, 27, '2019-04-28 20:39:12'),
('FINA7439023F75BB', 1, NULL, 27, '2019-04-28 20:39:12'),
('NUEVO44A77EDFF62A', 1, NULL, 26, '2019-04-28 20:28:24'),
('PHO045EB056CF61', 1, NULL, 25, '2019-04-28 20:13:50'),
('PRIMER23E477CDC374', 1, NULL, 24, '2019-04-28 20:06:05'),
('QUINE1652479EE11A', 1, NULL, 23, '2019-04-13 21:06:41'),
('QUINE33BF53F25138', 1, NULL, 23, '2019-04-13 21:06:41'),
('TEST299E2948BCB4B', 1, NULL, 31, '2019-06-19 19:04:58'),
('TEST37FB727843A5', 1, NULL, 30, '2019-06-19 18:59:11');

-- --------------------------------------------------------

--
-- Estructura de tabla para la tabla `paypal`
--

CREATE TABLE `paypal` (
  `idpayPal` int(11) NOT NULL,
  `key` varchar(450) DEFAULT NULL,
  `token` varchar(450) DEFAULT NULL,
  `modo` varchar(45) DEFAULT NULL,
  `estatus` int(11) DEFAULT '1' COMMENT '1 Activo\n0 Inactivo'
) ENGINE=InnoDB DEFAULT CHARSET=utf8;

-- --------------------------------------------------------

--
-- Estructura de tabla para la tabla `pedido`
--

CREATE TABLE `pedido` (
  `idpedido` int(11) NOT NULL,
  `folio` int(11) DEFAULT '0',
  `descripcion` varchar(200) DEFAULT NULL,
  `tipo` int(11) DEFAULT NULL COMMENT '1 Online\n2 Punto de Venta',
  `estatus` int(11) DEFAULT NULL COMMENT '1 Cotizado\n2 Enviado a  Paypal\n3 Aceptado\n4 Eliminado\n5 Espera de Trasferencia',
  `url_factura` varchar(150) DEFAULT NULL,
  `total` float DEFAULT NULL,
  `subtotal` float DEFAULT NULL,
  `tax` float DEFAULT NULL,
  `descuento` float DEFAULT NULL,
  `paymentId` varchar(45) DEFAULT '-',
  `PayerID` varchar(45) DEFAULT '-',
  `estatuspago` int(11) DEFAULT NULL COMMENT '1 correcto\n2 erroneo',
  `idusuario` int(11) NOT NULL,
  `fecha_inicio` timestamp NULL DEFAULT CURRENT_TIMESTAMP,
  `feha_update` timestamp NULL DEFAULT CURRENT_TIMESTAMP ON UPDATE CURRENT_TIMESTAMP,
  `porcentaje` float DEFAULT NULL,
  `numTrasnferencia` varchar(100) DEFAULT '-'
) ENGINE=InnoDB DEFAULT CHARSET=utf8;

-- --------------------------------------------------------

--
-- Estructura de tabla para la tabla `producto`
--

CREATE TABLE `producto` (
  `idproducto` int(11) NOT NULL,
  `nombre` varchar(45) DEFAULT NULL,
  `descripcion` varchar(150) DEFAULT NULL,
  `url` varchar(150) DEFAULT NULL,
  `estatus` int(11) DEFAULT '1' COMMENT '1 Activo\n0 Eliminado'
) ENGINE=InnoDB DEFAULT CHARSET=utf8;

-- --------------------------------------------------------

--
-- Estructura de tabla para la tabla `productos_caracteristicas`
--

CREATE TABLE `productos_caracteristicas` (
  `idproductos_caracteristicas` int(11) NOT NULL,
  `precio` float DEFAULT NULL,
  `idproducto` int(11) NOT NULL,
  `idc_categoria` int(11) NOT NULL DEFAULT '1',
  `idc_tamanio` int(11) NOT NULL DEFAULT '1',
  `estatus` int(11) DEFAULT NULL COMMENT '1 Activo\n0 Inactivo',
  `referencia` varchar(45) DEFAULT NULL,
  `tamanio` varchar(45) DEFAULT NULL
) ENGINE=InnoDB DEFAULT CHARSET=utf8;

-- --------------------------------------------------------

--
-- Estructura de tabla para la tabla `usuario`
--

CREATE TABLE `usuario` (
  `idusuario` int(11) NOT NULL,
  `nombre` varchar(120) DEFAULT NULL,
  `apellidos` varchar(120) DEFAULT NULL,
  `fechacumpleanios` varchar(120) DEFAULT NULL,
  `email` varchar(120) DEFAULT NULL,
  `telefono` varchar(120) DEFAULT NULL,
  `estatus` int(11) DEFAULT '1' COMMENT '1 Activo\n0 Eliminado',
  `activacion` int(11) DEFAULT '0' COMMENT '1 Aceptado\n0 Denegado',
  `password` varchar(45) DEFAULT NULL,
  `registro` timestamp NULL DEFAULT CURRENT_TIMESTAMP,
  `descuento` float DEFAULT NULL
) ENGINE=InnoDB DEFAULT CHARSET=utf8;

-- --------------------------------------------------------

--
-- Estructura de tabla para la tabla `ventas_wsdl`
--

CREATE TABLE `ventas_wsdl` (
  `idventas_wsdl` int(11) NOT NULL,
  `customerID` varchar(200) DEFAULT NULL,
  `id_proyecto` varchar(200) DEFAULT NULL,
  `referencia` varchar(200) DEFAULT NULL,
  `nombre_proyecto` varchar(200) DEFAULT NULL,
  `cantidad` int(11) DEFAULT '1',
  `costo` float DEFAULT '0',
  `costo_extra` float DEFAULT NULL,
  `costo_total_uni` float DEFAULT NULL,
  `total` float DEFAULT '0',
  `descuento_valor` float DEFAULT '0',
  `descuento_porcentaje` float DEFAULT NULL,
  `key_cupon` varchar(450) DEFAULT NULL,
  `registro` timestamp NULL DEFAULT CURRENT_TIMESTAMP ON UPDATE CURRENT_TIMESTAMP,
  `url_editar` varchar(500) DEFAULT NULL,
  `projectThumbnail` varchar(450) DEFAULT NULL,
  `projectCategory` varchar(200) DEFAULT NULL,
  `projectStatus` int(11) DEFAULT NULL,
  `status` varchar(45) DEFAULT NULL,
  `extraPages` int(11) DEFAULT NULL,
  `pages` int(11) DEFAULT NULL,
  `ip` varchar(45) DEFAULT NULL,
  `idfacturacion` int(11) DEFAULT NULL,
  `orderID` int(11) DEFAULT NULL
) ENGINE=MyISAM DEFAULT CHARSET=latin1;

--
-- Volcado de datos para la tabla `ventas_wsdl`
--

INSERT INTO `ventas_wsdl` (`idventas_wsdl`, `customerID`, `id_proyecto`, `referencia`, `nombre_proyecto`, `cantidad`, `costo`, `costo_extra`, `costo_total_uni`, `total`, `descuento_valor`, `descuento_porcentaje`, `key_cupon`, `registro`, `url_editar`, `projectThumbnail`, `projectCategory`, `projectStatus`, `status`, `extraPages`, `pages`, `ip`, `idfacturacion`, `orderID`) VALUES
(126, '42380', '0ced2b56361c4a4cae6f072611a4d738', 'FLTBK20X20TESTONLY', 'vfrfr', 3, 137000, 0, 137000, 0, 0, 0, '-', '2019-05-22 00:31:11', 'https://tienda.impreya.com/?&partnerID=11&sessionid=4d3d1eaa-c7a4-4dfe-a9f3-6c64de2f48c8&open=0ced2b56361c4a4cae6f072611a4d738', 'https://magifoto.s3.amazonaws.com/users/projects/b/bcef34b560e844aca7a7e19c278e5025/albuns/0ced2b56361c4a4cae6f072611a4d738/paginas/thumbnails/capa.png', 'photobook', 12, 'OK', 0, 20, '201.214.48.3', 34, 6004),
(125, '42380', '61fe4ad41cef4a6cbe8350b2c319cfe6', 'FLTBK20X20TESTONLY', 'hola', 3, 137000, 0, 137000, 0, 0, 0, '-', '2019-05-22 00:31:13', 'https://tienda.impreya.com/?&partnerID=11&sessionid=4d3d1eaa-c7a4-4dfe-a9f3-6c64de2f48c8&open=61fe4ad41cef4a6cbe8350b2c319cfe6', 'https://magifoto.s3.amazonaws.com/users/projects/b/bcef34b560e844aca7a7e19c278e5025/albuns/61fe4ad41cef4a6cbe8350b2c319cfe6/paginas/thumbnails/capa.png', 'photobook', 12, 'OK', 0, 20, '201.214.48.3', 34, 6003),
(124, '42380', '647fb902c0a54c51b6b39fe905b7b8e9', 'FLTBK20X20TESTONLY', 'version fina', 3, 137000, 0, 137000, 0, 0, 0, '-', '2019-05-22 00:31:12', 'https://tienda.impreya.com/?&partnerID=11&sessionid=4d3d1eaa-c7a4-4dfe-a9f3-6c64de2f48c8&open=647fb902c0a54c51b6b39fe905b7b8e9', 'https://magifoto.s3.amazonaws.com/users/projects/b/bcef34b560e844aca7a7e19c278e5025/albuns/647fb902c0a54c51b6b39fe905b7b8e9/paginas/thumbnails/capa.png', 'photobook', 12, 'OK', 0, 20, '201.214.48.3', 34, 6002),
(123, '42380', '31c750f952714806ae4e8794c4530919', 'FNB15x20TESTONLY', 'personolaizav3', 3, 51000, 0, 51000, 0, 0, 0, '-', '2019-05-22 00:31:14', 'https://tienda.impreya.com/?&partnerID=11&sessionid=4d3d1eaa-c7a4-4dfe-a9f3-6c64de2f48c8&open=31c750f952714806ae4e8794c4530919', 'https://magifoto.s3.amazonaws.com/users/projects/b/bcef34b560e844aca7a7e19c278e5025/albuns/31c750f952714806ae4e8794c4530919/paginas/thumbnails/capa.png', 'photobook', 12, 'OK', 0, 26, '201.214.48.3', 34, 6001),
(122, '42380', '173a12c699cd4b09a650007b7c5580de', 'FLTBK20X20TESTONLY', 'vr', 1, 137000, 0, 137000, 0, 0, 0, '-', '2019-05-22 00:30:50', 'https://tienda.impreya.com/?&partnerID=11&sessionid=4d3d1eaa-c7a4-4dfe-a9f3-6c64de2f48c8&open=173a12c699cd4b09a650007b7c5580de', 'https://magifoto.s3.amazonaws.com/users/projects/b/bcef34b560e844aca7a7e19c278e5025/albuns/173a12c699cd4b09a650007b7c5580de/paginas/thumbnails/capa.png', 'photobook', 12, 'OK', 0, 20, '201.214.48.3', 34, 6000),
(127, '42380', 'd3a881ce1c914b1fb0eb7e543f482d1d', 'FLTBK20X20TESTONLY', 'hola', 3, 137000, 0, 137000, 0, 0, 0, '-', '2019-05-22 00:31:15', 'https://tienda.impreya.com/?&partnerID=11&sessionid=4d3d1eaa-c7a4-4dfe-a9f3-6c64de2f48c8&open=d3a881ce1c914b1fb0eb7e543f482d1d', 'https://magifoto.s3.amazonaws.com/users/projects/b/bcef34b560e844aca7a7e19c278e5025/albuns/d3a881ce1c914b1fb0eb7e543f482d1d/paginas/thumbnails/capa.png', 'photobook', 12, 'OK', 0, 20, '201.214.48.3', 34, 6005),
(128, '42380', 'fab9f40b9e984ce1a3d02b23f3f56b05', 'FLTBK20X20TESTONLY', 'XXX HOLA COMO ESTAS', 1, 137000, 0, 137000, 0, 0, 0, '-', '2019-05-22 00:37:42', 'https://tienda.impreya.com/?&partnerID=11&sessionid=4d3d1eaa-c7a4-4dfe-a9f3-6c64de2f48c8&open=fab9f40b9e984ce1a3d02b23f3f56b05', 'https://magifoto.s3.amazonaws.com/users/projects/b/bcef34b560e844aca7a7e19c278e5025/albuns/fab9f40b9e984ce1a3d02b23f3f56b05/paginas/thumbnails/capa.png', 'photobook', 12, 'OK', 0, 20, '201.214.48.3', 35, 6006),
(129, '42380', '6e97515b08944741919562a5e9b76189', 'FLTBK20X20TESTONLY', 'hola', 1, 137000, 0, 137000, 0, 0, 0, '-', '2019-05-22 00:44:21', 'https://tienda.impreya.com/?&partnerID=11&sessionid=4d3d1eaa-c7a4-4dfe-a9f3-6c64de2f48c8&open=6e97515b08944741919562a5e9b76189', 'https://magifoto.s3.amazonaws.com/users/projects/b/bcef34b560e844aca7a7e19c278e5025/albuns/6e97515b08944741919562a5e9b76189/paginas/thumbnails/capa.png', 'photobook', 12, 'OK', 0, 20, '201.214.48.3', 36, 6007),
(130, '42380', 'a2f6c0b1cc744009a1bce6d2f3710040', 'FLTBK20X20TESTONLY', 'pedido prueba completo', 1, 137000, 0, 137000, 0, 0, 0, '-', '2019-05-22 02:41:41', 'https://tienda.impreya.com/?&partnerID=11&sessionid=4d3d1eaa-c7a4-4dfe-a9f3-6c64de2f48c8&open=a2f6c0b1cc744009a1bce6d2f3710040', 'https://magifoto.s3.amazonaws.com/users/projects/b/bcef34b560e844aca7a7e19c278e5025/albuns/a2f6c0b1cc744009a1bce6d2f3710040/paginas/thumbnails/capa.png', 'photobook', 12, 'OK', 0, 20, '201.214.48.3', 37, 6009),
(131, '42380', '6364b943724a4d559ededdec1926d41a', 'CardClassic', 'Test pago', 1, 4000, 0, 4000, 0, 0, 0, '-', '2019-05-22 02:48:46', 'https://tienda.impreya.com/?&partnerID=11&sessionid=4d3d1eaa-c7a4-4dfe-a9f3-6c64de2f48c8&open=6364b943724a4d559ededdec1926d41a', 'https://magifoto.s3.amazonaws.com/users/projects/b/bcef34b560e844aca7a7e19c278e5025/albuns/6364b943724a4d559ededdec1926d41a/paginas/thumbnails/capa.png', 'cards', 12, 'OK', 0, 1, '201.214.48.3', 38, 6010),
(135, '42593', '5f04eca6076a44bfa7def5fdcd6c9e7b', '10x15a', 'Ana1 Cant. 30', 1, 18000, 0, 18000, 0, 0, 0, NULL, '2019-05-26 18:43:57', 'https://tienda.impreya.com/?&partnerID=11&sessionid=db05ec4b-a132-48b9-b630-bab339642f29&open=5f04eca6076a44bfa7def5fdcd6c9e7b', 'https://magifoto.s3.amazonaws.com/users/projects/c/c8beb90162704520aaa583b47df47aac/albuns/5f04eca6076a44bfa7def5fdcd6c9e7b/paginas/thumbnails/capa.png', 'photo', 12, 'OK', 0, 0, 'OK', 41, 6028),
(137, '42421', '5b3c043aa2a44f0d9dc416403b9c1d83', 'CardClassic', 'sdsd', 1, 4000, 0, 4000, 0, 0, 0, '-', '2019-06-19 18:55:33', 'https://tienda.impreya.com/?&partnerID=11&sessionid=591c98ca-f617-4c18-b3e3-e6c42f92abd9&open=5b3c043aa2a44f0d9dc416403b9c1d83', 'https://magifoto.s3.amazonaws.com/users/projects/3/3e3ad007dcd6495283825bf03937392b/albuns/5b3c043aa2a44f0d9dc416403b9c1d83/paginas/thumbnails/capa.png', 'cards', 12, 'OK', 0, 1, '173.239.197.113', 40, 6047),
(138, '42421', 'f0b93a522cb1406f8cbfca56b606d9ac', 'FLATBOOK20X20CM', 'as', 1, 137000, 0, 137000, 0, 137000, 0, 'TEST299E2948BCB4B', '2019-06-19 19:11:01', 'https://tienda.impreya.com/?&partnerID=11&sessionid=591c98ca-f617-4c18-b3e3-e6c42f92abd9&open=f0b93a522cb1406f8cbfca56b606d9ac', 'https://magifoto.s3.amazonaws.com/users/projects/3/3e3ad007dcd6495283825bf03937392b/albuns/f0b93a522cb1406f8cbfca56b606d9ac/paginas/thumbnails/capa.png', 'photobook', 12, 'OK', 0, 20, 'OK', 43, 6097),
(139, '42421', 'ed4dc704bd564ce9bcc0214b9188f22f', 'FLATBOOK20X20CM', 'sss', 1, 137000, 0, 137000, 0, 0, 0, NULL, '2019-06-19 19:21:03', 'https://tienda.impreya.com/?&partnerID=11&sessionid=591c98ca-f617-4c18-b3e3-e6c42f92abd9&open=ed4dc704bd564ce9bcc0214b9188f22f', 'https://magifoto.s3.amazonaws.com/users/projects/3/3e3ad007dcd6495283825bf03937392b/albuns/ed4dc704bd564ce9bcc0214b9188f22f/paginas/thumbnails/capa.png', 'photobook', 12, 'OK', 0, 20, '173.239.197.113', 44, 6140);

--
-- Índices para tablas volcadas
--

--
-- Indices de la tabla `admin`
--
ALTER TABLE `admin`
  ADD PRIMARY KEY (`idadmin`);

--
-- Indices de la tabla `campania_envios_wdsl`
--
ALTER TABLE `campania_envios_wdsl`
  ADD PRIMARY KEY (`id`);

--
-- Indices de la tabla `campania_regiones_wdsl`
--
ALTER TABLE `campania_regiones_wdsl`
  ADD PRIMARY KEY (`idcampania_regiones_wdsl`),
  ADD KEY `fk_campania_regiones_wdsl_campania_envios_wdsl1_idx` (`id`);

--
-- Indices de la tabla `cupones`
--
ALTER TABLE `cupones`
  ADD PRIMARY KEY (`id_cupon`);

--
-- Indices de la tabla `cupones_pro_cate`
--
ALTER TABLE `cupones_pro_cate`
  ADD PRIMARY KEY (`idcupones_pro_cate`),
  ADD KEY `fk_cupones_pro_cate_cupones_wdsl1_idx` (`idcupones_wdsl`);

--
-- Indices de la tabla `cupones_wdsl`
--
ALTER TABLE `cupones_wdsl`
  ADD PRIMARY KEY (`idcupones_wdsl`);

--
-- Indices de la tabla `c_categoria`
--
ALTER TABLE `c_categoria`
  ADD PRIMARY KEY (`idc_categoria`);

--
-- Indices de la tabla `c_categorias_wdsl`
--
ALTER TABLE `c_categorias_wdsl`
  ADD PRIMARY KEY (`IdCategory`);

--
-- Indices de la tabla `c_productos_categorias`
--
ALTER TABLE `c_productos_categorias`
  ADD PRIMARY KEY (`IdCategory`,`ProductReference`),
  ADD KEY `fk_c_productos_categorias_c_categorias_wdsl1_idx` (`IdCategory`),
  ADD KEY `fk_c_productos_categorias_c_productos_wdsl1_idx` (`ProductReference`);

--
-- Indices de la tabla `c_productos_wdsl`
--
ALTER TABLE `c_productos_wdsl`
  ADD PRIMARY KEY (`ProductReference`);

--
-- Indices de la tabla `c_tamanio`
--
ALTER TABLE `c_tamanio`
  ADD PRIMARY KEY (`idc_tamanio`);

--
-- Indices de la tabla `descuento_productos`
--
ALTER TABLE `descuento_productos`
  ADD PRIMARY KEY (`iddescuento_productos`),
  ADD KEY `fk_descuento_productos_productos_caracteristicas1_idx` (`idproductos_caracteristicas`),
  ADD KEY `fk_descuento_productos_usuario1_idx` (`idusuario`);

--
-- Indices de la tabla `direccion`
--
ALTER TABLE `direccion`
  ADD PRIMARY KEY (`iddireccion`),
  ADD KEY `fk_direccion_usuario_idx` (`idusuario`);

--
-- Indices de la tabla `envios_cate_wdsl`
--
ALTER TABLE `envios_cate_wdsl`
  ADD PRIMARY KEY (`idenvios_cate_wdsl`),
  ADD KEY `fk_envios_cate_wdsl_campania_envios_wdsl1_idx` (`idcampania`);

--
-- Indices de la tabla `envios_productos_wdsl`
--
ALTER TABLE `envios_productos_wdsl`
  ADD PRIMARY KEY (`idenvios_productos_wdsl`),
  ADD KEY `fk_envios_productos_wdsl_campania_envios_wdsl1_idx` (`idcampania`);

--
-- Indices de la tabla `facturacion`
--
ALTER TABLE `facturacion`
  ADD PRIMARY KEY (`idfacturacion`);

--
-- Indices de la tabla `key_cupones`
--
ALTER TABLE `key_cupones`
  ADD PRIMARY KEY (`idkey_cupones`),
  ADD KEY `fk_key_cupones_cupones_wdsl1_idx` (`idcupones_wdsl`);

--
-- Indices de la tabla `paypal`
--
ALTER TABLE `paypal`
  ADD PRIMARY KEY (`idpayPal`);

--
-- Indices de la tabla `pedido`
--
ALTER TABLE `pedido`
  ADD PRIMARY KEY (`idpedido`),
  ADD KEY `fk_pedido_usuario1_idx` (`idusuario`);

--
-- Indices de la tabla `producto`
--
ALTER TABLE `producto`
  ADD PRIMARY KEY (`idproducto`);

--
-- Indices de la tabla `productos_caracteristicas`
--
ALTER TABLE `productos_caracteristicas`
  ADD PRIMARY KEY (`idproductos_caracteristicas`),
  ADD KEY `fk_productos_caracteristicas_producto1_idx` (`idproducto`);

--
-- Indices de la tabla `usuario`
--
ALTER TABLE `usuario`
  ADD PRIMARY KEY (`idusuario`);

--
-- Indices de la tabla `ventas_wsdl`
--
ALTER TABLE `ventas_wsdl`
  ADD PRIMARY KEY (`idventas_wsdl`);

--
-- AUTO_INCREMENT de las tablas volcadas
--

--
-- AUTO_INCREMENT de la tabla `admin`
--
ALTER TABLE `admin`
  MODIFY `idadmin` int(11) NOT NULL AUTO_INCREMENT, AUTO_INCREMENT=2;
--
-- AUTO_INCREMENT de la tabla `campania_envios_wdsl`
--
ALTER TABLE `campania_envios_wdsl`
  MODIFY `id` int(11) NOT NULL AUTO_INCREMENT, AUTO_INCREMENT=8;
--
-- AUTO_INCREMENT de la tabla `campania_regiones_wdsl`
--
ALTER TABLE `campania_regiones_wdsl`
  MODIFY `idcampania_regiones_wdsl` int(11) NOT NULL AUTO_INCREMENT, AUTO_INCREMENT=2635;
--
-- AUTO_INCREMENT de la tabla `cupones_pro_cate`
--
ALTER TABLE `cupones_pro_cate`
  MODIFY `idcupones_pro_cate` int(11) NOT NULL AUTO_INCREMENT, AUTO_INCREMENT=362;
--
-- AUTO_INCREMENT de la tabla `cupones_wdsl`
--
ALTER TABLE `cupones_wdsl`
  MODIFY `idcupones_wdsl` int(11) NOT NULL AUTO_INCREMENT, AUTO_INCREMENT=32;
--
-- AUTO_INCREMENT de la tabla `c_categoria`
--
ALTER TABLE `c_categoria`
  MODIFY `idc_categoria` int(11) NOT NULL AUTO_INCREMENT, AUTO_INCREMENT=2;
--
-- AUTO_INCREMENT de la tabla `c_tamanio`
--
ALTER TABLE `c_tamanio`
  MODIFY `idc_tamanio` int(11) NOT NULL AUTO_INCREMENT;
--
-- AUTO_INCREMENT de la tabla `descuento_productos`
--
ALTER TABLE `descuento_productos`
  MODIFY `iddescuento_productos` int(11) NOT NULL AUTO_INCREMENT;
--
-- AUTO_INCREMENT de la tabla `direccion`
--
ALTER TABLE `direccion`
  MODIFY `iddireccion` int(11) NOT NULL AUTO_INCREMENT;
--
-- AUTO_INCREMENT de la tabla `envios_cate_wdsl`
--
ALTER TABLE `envios_cate_wdsl`
  MODIFY `idenvios_cate_wdsl` int(11) NOT NULL AUTO_INCREMENT, AUTO_INCREMENT=31;
--
-- AUTO_INCREMENT de la tabla `envios_productos_wdsl`
--
ALTER TABLE `envios_productos_wdsl`
  MODIFY `idenvios_productos_wdsl` int(11) NOT NULL AUTO_INCREMENT, AUTO_INCREMENT=411;
--
-- AUTO_INCREMENT de la tabla `facturacion`
--
ALTER TABLE `facturacion`
  MODIFY `idfacturacion` int(11) NOT NULL AUTO_INCREMENT, AUTO_INCREMENT=45;
--
-- AUTO_INCREMENT de la tabla `paypal`
--
ALTER TABLE `paypal`
  MODIFY `idpayPal` int(11) NOT NULL AUTO_INCREMENT;
--
-- AUTO_INCREMENT de la tabla `pedido`
--
ALTER TABLE `pedido`
  MODIFY `idpedido` int(11) NOT NULL AUTO_INCREMENT;
--
-- AUTO_INCREMENT de la tabla `producto`
--
ALTER TABLE `producto`
  MODIFY `idproducto` int(11) NOT NULL AUTO_INCREMENT;
--
-- AUTO_INCREMENT de la tabla `productos_caracteristicas`
--
ALTER TABLE `productos_caracteristicas`
  MODIFY `idproductos_caracteristicas` int(11) NOT NULL AUTO_INCREMENT;
--
-- AUTO_INCREMENT de la tabla `usuario`
--
ALTER TABLE `usuario`
  MODIFY `idusuario` int(11) NOT NULL AUTO_INCREMENT;
--
-- AUTO_INCREMENT de la tabla `ventas_wsdl`
--
ALTER TABLE `ventas_wsdl`
  MODIFY `idventas_wsdl` int(11) NOT NULL AUTO_INCREMENT, AUTO_INCREMENT=140;
--
-- Restricciones para tablas volcadas
--

--
-- Filtros para la tabla `campania_regiones_wdsl`
--
ALTER TABLE `campania_regiones_wdsl`
  ADD CONSTRAINT `fk_campania_regiones_wdsl_campania_envios_wdsl1` FOREIGN KEY (`id`) REFERENCES `campania_envios_wdsl` (`id`) ON DELETE NO ACTION ON UPDATE NO ACTION;

--
-- Filtros para la tabla `descuento_productos`
--
ALTER TABLE `descuento_productos`
  ADD CONSTRAINT `fk_descuento_productos_productos_caracteristicas1` FOREIGN KEY (`idproductos_caracteristicas`) REFERENCES `productos_caracteristicas` (`idproductos_caracteristicas`) ON DELETE NO ACTION ON UPDATE NO ACTION,
  ADD CONSTRAINT `fk_descuento_productos_usuario1` FOREIGN KEY (`idusuario`) REFERENCES `usuario` (`idusuario`) ON DELETE NO ACTION ON UPDATE NO ACTION;

--
-- Filtros para la tabla `direccion`
--
ALTER TABLE `direccion`
  ADD CONSTRAINT `fk_direccion_usuario` FOREIGN KEY (`idusuario`) REFERENCES `usuario` (`idusuario`) ON DELETE NO ACTION ON UPDATE NO ACTION;

--
-- Filtros para la tabla `envios_cate_wdsl`
--
ALTER TABLE `envios_cate_wdsl`
  ADD CONSTRAINT `fk_envios_cate_wdsl_campania_envios_wdsl1` FOREIGN KEY (`idcampania`) REFERENCES `campania_envios_wdsl` (`id`) ON DELETE NO ACTION ON UPDATE NO ACTION;

--
-- Filtros para la tabla `envios_productos_wdsl`
--
ALTER TABLE `envios_productos_wdsl`
  ADD CONSTRAINT `fk_envios_productos_wdsl_campania_envios_wdsl1` FOREIGN KEY (`idcampania`) REFERENCES `campania_envios_wdsl` (`id`) ON DELETE NO ACTION ON UPDATE NO ACTION;

--
-- Filtros para la tabla `key_cupones`
--
ALTER TABLE `key_cupones`
  ADD CONSTRAINT `fk_key_cupones_cupones_wdsl1` FOREIGN KEY (`idcupones_wdsl`) REFERENCES `cupones_wdsl` (`idcupones_wdsl`) ON DELETE NO ACTION ON UPDATE NO ACTION;

--
-- Filtros para la tabla `pedido`
--
ALTER TABLE `pedido`
  ADD CONSTRAINT `fk_pedido_usuario1` FOREIGN KEY (`idusuario`) REFERENCES `usuario` (`idusuario`) ON DELETE NO ACTION ON UPDATE NO ACTION;

--
-- Filtros para la tabla `productos_caracteristicas`
--
ALTER TABLE `productos_caracteristicas`
  ADD CONSTRAINT `fk_productos_caracteristicas_producto1` FOREIGN KEY (`idproducto`) REFERENCES `producto` (`idproducto`) ON DELETE NO ACTION ON UPDATE NO ACTION;

/*!40101 SET CHARACTER_SET_CLIENT=@OLD_CHARACTER_SET_CLIENT */;
/*!40101 SET CHARACTER_SET_RESULTS=@OLD_CHARACTER_SET_RESULTS */;
/*!40101 SET COLLATION_CONNECTION=@OLD_COLLATION_CONNECTION */;
